ID;FEMALE;MALE;ETHBLACK;ETHHISP;ETHWHITE;AGE;S;EDUCPROF;EDUCPHD;EDUCMAST;EDUCBA;EDUCAA;EDUCHSD;EDUCDO;SINGLE;MARRIED;DIVORCED;FAITHN;FAITHP;FAITHC;FAITHJ;FAITHO;ASVAB01;ASVAB02;ASVAB03;ASVAB04;ASVAB05;ASVAB06;ASVABC;HEIGHT;WEIGHT85;WEIGHT02;SM;SF;SIBLINGS;LIBRARY;POV78;EXP;EARNINGS;HOURS;TENURE;COLLBARG;CATGOV;CATPRI;CATSE;URBAN;REGNE;REGNC;REGW;REGS
3640;0;1;0;0;1;37;12;0;0;0;0;0;1;0;0;1;0;0;0;0;0;1;26;35;31;23;25;35;30.366463;69;145;205;9;10;3;1;0;17.557692;9;40;16.73077;0;1;0;0;0;0;1;0;0
277;0;1;0;0;1;42;12;0;0;0;0;0;1;0;1;0;0;0;0;1;0;0;56;42;47;47;52;59;45.087917;70;135;178;16;13;2;1;;21.423077;10;35;14.019231;0;0;1;0;1;1;0;0;0
5167;0;1;0;0;1;42;12;0;0;0;0;0;1;0;0;1;0;0;1;0;0;0;52;50;48;50;39;41;50.54031;70;170;195;11;8;3;0;0;23.173077;20.5;48;15.019231;0;0;1;0;1;0;0;1;0
2578;0;1;0;0;1;41;12;0;0;0;0;0;1;0;0;1;0;0;1;0;0;0;56;36;43;38;33;29;38.27243;69;167;183;12;12;10;0;0;20.923077;9.9700003;40;3.9423077;1;0;1;0;1;0;1;0;0
2998;0;1;0;0;1;41;12;0;0;0;0;0;1;0;0;1;0;0;0;1;0;0;56;50;59;53;41;44;54.356983;70;175;222;11;9;4;1;0;22.403847;12.3;50;4.6730771;0;0;1;0;1;0;0;0;1
3055;0;1;0;0;1;39;12;0;0;0;0;0;1;0;0;1;0;0;0;1;0;0;40;40;42;29;41;41;37.727192;75;165;175;12;8;2;0;0;15.576923;12.5;50;14.076923;0;0;1;0;0;1;0;0;0
5211;0;1;0;0;1;38;12;0;0;0;0;0;1;0;0;1;0;0;1;0;0;0;52;38;41;35;30;39;37.999809;74;170;210;12;7;3;1;0;15.942307;15;40;7.0769229;0;0;1;0;1;0;0;1;0
5344;0;1;0;0;1;38;16;0;0;0;1;0;0;0;0;1;0;0;0;1;0;0;56;49;54;50;47;35;51.630787;74;240;271;12;16;1;1;;15.25;13.71;54;7.2115383;0;0;1;0;1;0;1;0;0
1975;0;1;0;0;1;38;12;0;0;0;0;0;1;0;0;1;0;0;1;0;0;0;54;47;56;62;53;46;54.356983;64;140;155;12;12;4;0;0;13.807693;14.42;40;13.115385;0;0;1;0;0;0;1;0;0
3494;0;1;0;0;1;45;13;0;0;0;0;0;1;0;0;1;0;0;0;1;0;0;52;57;55;53;49;42;57.083179;69;215;230;12;12;3;1;0;17.903847;30;48;22.73077;1;0;1;0;1;0;1;0;0
4698;0;1;0;0;1;38;16;0;0;0;1;0;0;0;0;1;0;0;0;0;1;0;54;61;56;44;60;42;57.083179;71;195;190;14;12;1;1;0;15.096154;8.75;16;8.1538458;0;0;1;0;1;1;0;0;0
2419;0;1;0;0;1;39;10;0;0;0;0;0;0;1;0;1;0;0;1;0;0;0;40;45;30;38;37;44;39.635529;73;148;185;13;8;2;1;0;20.846153;20.889999;47;10.730769;0;0;1;0;1;0;0;0;1
3616;0;1;0;0;1;39;12;0;0;0;0;0;1;0;0;1;0;0;0;1;0;0;64;59;61;59;58;52;61.445091;72;150;150;12;9;3;0;0;18.423077;19.450001;40;8.4038458;0;0;1;0;0;0;1;0;0
417;0;1;0;0;1;41;12;0;0;0;0;0;1;0;0;1;0;0;0;1;0;0;60;47;61;53;41;44;53.266506;72;170;210;12;16;1;1;0;21.846153;19.23;40;7.3461537;1;1;0;0;1;1;0;0;0
269;0;1;0;0;1;43;16;0;0;0;1;0;0;0;0;1;0;0;0;1;0;0;62;61;57;59;48;50;61.445091;69;135;170;12;18;0;1;0;21.461538;86.529999;50;6.7692308;0;0;1;0;1;1;0;0;0
12044;0;1;0;0;1;40;18;0;0;1;0;0;0;0;0;1;0;0;1;0;0;0;46;40;51;56;47;45;47.541496;68;210;225;12;12;1;1;0;14.25;11.11;45;1.0769231;0;0;1;0;1;0;0;0;1
3932;0;1;1;0;0;40;12;0;0;0;0;0;1;0;0;0;1;0;1;0;0;0;38;40;43;47;43;43;42.906963;64;155;220;11;11;3;1;0;20.73077;23.07;40;12.307693;1;1;0;0;1;0;0;0;1
1837;0;1;0;1;0;45;13;0;0;0;0;0;0;1;0;0;1;0;0;1;0;0;44;45;38;44;49;51;43.452202;66;155;170;2;0;6;1;1;15.615385;12.98;40;8.1153851;1;0;1;0;0;0;0;1;0
1107;0;1;0;0;1;45;12;0;0;0;0;0;1;0;0;1;0;0;1;0;0;0;60;51;54;56;56;31;54.356983;71;195;210;12;16;0;1;0;23.26923;27.77;45;2;0;0;1;0;0;0;0;0;1
5017;0;1;0;0;1;42;14;0;0;0;0;0;1;0;0;1;0;0;1;0;0;0;64;65;61;50;61;72;62.262951;71;170;170;16;17;0;1;0;22.865385;38.040001;46;20.73077;0;0;1;0;1;0;0;0;1
3751;0;1;0;0;1;38;12;0;0;0;0;0;1;0;0;1;0;0;0;1;0;0;52;40;51;59;43;45;48.359352;74;195;240;12;12;3;1;1;20.923077;18.370001;45;5.4807692;0;0;1;0;2;0;1;0;0
5651;0;1;0;0;1;44;18;0;0;1;0;0;0;0;0;1;0;0;0;1;0;0;66;66;56;59;62;70;63.89867;75;230;235;16;17;2;1;0;19.98077;16.66;45;3.6923077;0;1;0;0;1;0;0;0;1
4707;0;1;0;0;1;37;12;0;0;0;0;0;0;0;0;1;0;0;0;1;0;0;64;53;52;44;44;45;51.630787;72;150;190;12;14;2;1;0;20.75;43.75;40;19.038462;1;0;1;0;1;0;1;0;0
847;0;1;1;0;0;43;16;0;0;0;0;0;1;0;0;1;0;0;0;0;0;1;50;46;47;50;51;44;48.086735;68;155;175;11;11;8;1;0;22.442308;35.709999;35;7.0576925;1;1;0;0;1;1;0;0;0
2191;0;1;0;0;1;44;12;0;0;0;0;0;1;0;0;1;0;0;1;0;0;0;56;54;51;47;42;42;52.721268;76;295;400;10;11;1;0;0;22.634615;11.32;45;2.1346154;0;0;1;0;1;0;0;0;1
2703;0;1;0;1;0;42;16;0;0;0;1;0;0;0;0;1;0;0;0;1;0;0;52;50;51;50;55;49;51.35817;67;155;175;5;6;8;1;1;20.788462;40.860001;40;.94230771;0;0;1;0;1;0;0;0;1
3777;0;1;0;0;1;42;12;0;0;0;0;0;1;0;0;1;0;0;1;0;0;0;56;54;56;53;54;51;55.720081;67;170;180;11;12;3;0;0;23.423077;21.629999;40;7.1923075;1;0;1;0;1;0;1;0;0
5187;0;1;0;0;1;41;13;0;0;0;0;0;1;0;0;0;1;1;0;0;0;0;54;53;56;50;60;46;54.356983;71;140;140;14;14;1;1;0;21.461538;12;50;6.4807692;0;0;1;0;1;0;0;1;0
4278;0;1;0;0;1;42;12;0;0;0;0;0;1;0;0;1;0;0;0;1;0;0;62;57;57;50;55;63;56.810562;72;225;260;12;12;6;1;0;23.307692;19.459999;40;14.769231;0;0;1;0;1;0;0;0;1
659;0;1;0;0;1;43;14;0;0;0;0;0;1;0;0;1;0;0;0;1;0;0;40;59;41;47;55;51;52.721268;74;165;210;12;16;5;1;0;17.903847;21;40;4.9615383;1;0;1;0;1;0;1;0;0
4829;0;1;0;0;1;39;16;0;0;0;1;0;0;0;0;1;0;0;0;1;0;0;60;62;57;59;53;49;61.990334;71;170;175;13;18;4;1;0;14.326923;30.76;60;14.269231;0;0;1;0;2;0;1;0;0
3591;0;1;0;0;1;41;12;0;0;0;0;0;1;0;0;0;1;0;0;1;0;0;50;61;52;59;58;49;60.081997;70;163;185;12;12;6;0;0;22.98077;26.82;38;21.038462;1;0;1;0;1;0;1;0;0
1471;0;1;0;0;1;44;8;0;0;0;0;0;0;1;0;0;1;0;1;0;0;0;44;47;42;35;43;47;43.179581;66;160;200;10;6;4;0;0;19.057692;25;40;.13461539;0;0;1;0;0;0;0;0;1
4770;0;1;0;0;1;38;12;0;0;0;0;0;1;0;0;1;0;0;1;0;0;0;44;57;43;47;49;51;52.176029;73;145;190;12;10;3;1;0;19.211538;13.95;40;13.634615;1;0;1;0;1;0;1;0;0
2475;0;1;0;0;1;39;12;0;0;0;0;0;1;0;0;1;0;0;0;1;0;0;62;54;52;56;62;54;55.447464;68;150;185;10;12;5;1;0;19.307692;17.799999;40;13.346154;0;0;1;0;0;0;1;0;0
2010;0;1;0;0;1;44;19;0;0;0;1;0;0;0;0;1;0;0;1;0;0;0;62;54;60;59;60;57;58.446278;74;170;180;16;18;1;0;0;17.961538;47;45;3.3269231;0;0;1;0;1;0;0;1;0
4879;0;1;0;0;1;44;12;0;0;0;0;0;1;0;0;1;0;0;0;1;0;0;58;53;59;59;53;39;57.628418;74;170;175;11;14;0;1;1;20.51923;10.37;40;8.3653851;0;0;1;0;1;0;1;0;0
4064;0;1;0;0;1;38;12;0;0;0;0;0;1;0;0;0;1;0;1;0;0;0;60;64;61;56;42;45;63.353432;73;200;250;12;12;1;1;0;18.692308;18.85;40;15.134615;1;0;1;0;1;0;0;0;1
874;0;1;0;0;1;38;18;0;0;1;0;0;0;0;0;1;0;0;0;1;0;0;56;62;59;62;52;55;63.353432;68;150;180;16;17;4;1;0;14.211538;23.07;60;13.730769;1;1;0;0;1;0;1;0;0
3493;0;1;0;0;1;44;12;0;0;0;0;0;1;0;0;1;0;0;0;1;0;0;62;58;56;53;47;51;57.901039;70;200;300;10;10;3;1;0;20.384615;14;40;3.9423077;0;0;1;0;1;0;0;0;1
1851;0;1;0;1;0;43;14;0;0;0;0;0;1;0;1;0;0;0;0;1;0;0;48;54;51;50;48;50;53.539127;68;147;170;8;4;3;1;0;12.653846;24.030001;20;3.2307692;0;0;1;0;1;0;0;1;0
2845;0;1;0;0;1;39;20;0;1;0;0;0;0;0;0;1;0;1;0;0;0;0;66;66;61;59;62;45;65.261765;69;155;150;17;20;3;1;0;10.942307;25.98;37;5.2692308;1;1;0;0;1;0;0;0;1
4468;0;1;0;0;1;43;13;0;0;0;0;0;1;0;0;1;0;0;1;0;0;0;66;55;59;53;51;52;57.083179;72;200;250;12;16;2;1;0;18.25;29.5;40;6.1346154;1;0;1;0;1;0;0;1;0
4799;0;1;0;0;1;40;18;0;0;0;1;0;0;0;1;0;0;0;1;0;0;0;68;66;60;59;44;45;64.989151;69;225;230;12;8;2;1;0;8.75;15.5;40;4.7115383;1;1;0;0;1;0;1;0;0
3172;0;1;0;0;1;43;20;0;1;0;0;0;0;0;0;1;0;0;0;0;1;0;66;66;60;62;62;63;65.807007;68;137;145;16;20;2;1;;15.923077;3.3599999;60;11.096154;1;0;1;0;1;0;1;0;0
4068;0;1;0;0;1;39;8;0;0;0;0;0;0;1;0;0;1;0;1;0;0;0;36;38;34;35;28;30;36.091473;69;160;175;10;12;7;1;1;14.788462;12;45;1.6923077;0;0;1;0;0;0;0;0;1
5307;0;1;0;0;1;42;12;0;0;0;0;0;1;0;0;1;0;1;0;0;0;0;44;38;48;47;40;39;43.179581;73;190;210;10;6;6;0;1;21.423077;12.19;40;18.596153;0;0;1;0;0;0;1;0;0
4335;0;1;0;0;1;42;11;0;0;0;0;0;0;1;0;1;0;0;1;0;0;0;50;39;48;32;31;35;39.635529;72;168;205;11;11;2;1;0;22.711538;14.67;40;2.2884614;0;1;0;0;1;0;0;1;0
5029;0;1;0;0;1;40;16;0;0;0;0;0;0;0;0;1;0;0;1;0;0;0;68;66;61;62;62;68;66.079628;72;170;165;14;16;1;1;0;17.576923;52.849998;55;9.5384617;0;0;1;0;1;0;0;0;1
4412;0;1;0;1;0;39;12;0;0;0;0;0;1;0;1;0;0;0;0;1;0;0;46;40;37;38;35;43;38.817669;69;178;235;12;8;5;1;0;16.5;13.4;40;14.25;0;0;1;0;1;0;0;1;0
653;0;1;0;0;1;42;18;0;0;1;0;0;0;0;0;1;0;0;0;0;0;1;66;66;59;59;57;56;64.71653;69;155;155;16;13;0;0;0;17.923077;29.01;51;7.5384617;0;1;0;0;1;0;1;0;0
825;0;1;0;0;1;44;17;0;0;0;1;0;0;0;0;1;0;0;0;1;0;0;64;59;61;59;62;53;61.445091;70;175;180;16;16;2;1;0;18.961538;29.049999;45;17.923077;0;0;1;0;1;0;0;1;0
3829;0;1;0;0;1;43;12;0;0;0;0;0;1;0;0;1;0;0;1;0;0;0;52;47;60;53;44;50;52.993885;69;235;310;9;10;0;1;0;23.288462;37.779999;57;14.884615;0;0;1;0;0;0;0;0;1
3390;0;1;1;0;0;42;20;0;0;0;0;0;0;0;0;1;0;0;0;0;0;1;64;66;57;53;62;65;62.535572;69;185;240;17;17;2;1;0;16.384615;30.549999;45;2.6923077;0;0;1;0;1;0;1;0;0
5604;0;1;0;0;1;42;9;0;0;0;0;0;0;1;0;1;0;0;0;0;0;1;22;35;24;29;27;25;30.093842;65;200;196;9;10;3;1;0;20.865385;12.75;50;1.75;1;1;0;0;0;0;0;0;1
5207;0;1;0;0;1;43;14;0;0;0;0;0;1;0;1;0;0;0;1;0;0;0;52;59;54;56;46;32;58.718899;75;295;245;9;12;3;1;0;3.7115386;5.5;58;.59615386;0;0;1;0;1;0;0;1;0
5235;0;1;0;0;1;38;14;0;0;0;0;0;1;0;0;0;1;0;1;0;0;0;44;46;39;23;40;41;38.545048;72;185;250;10;12;3;1;0;17.634615;25.58;40;4.9807692;1;1;0;0;1;0;0;1;0
1188;0;1;0;0;1;39;15;0;0;0;0;0;1;0;0;1;0;0;0;0;1;0;58;62;52;56;56;47;59.809376;69;180;190;12;12;2;1;0;18.038462;16.530001;50;13.557693;0;0;1;0;0;0;0;0;1
392;0;1;0;0;1;42;12;0;0;0;0;0;1;0;0;1;0;0;0;1;0;0;64;65;59;62;52;56;64.989151;70;215;230;11;12;3;1;0;22.5;19.23;40;24.826923;0;0;1;0;1;1;0;0;0
1788;0;1;0;0;1;37;12;0;0;0;0;0;1;0;1;0;0;0;0;1;0;0;48;58;51;53;53;53;56.537941;70;135;150;12;12;2;1;0;16.288462;20.02;38;5.3269229;0;0;1;0;1;0;0;1;0
1085;0;1;0;0;1;41;12;0;0;0;0;0;1;0;0;0;1;0;1;0;0;0;60;47;60;56;46;48;53.811745;72;175;213;8;12;1;0;0;18.557692;14;50;3.3461537;0;0;1;0;0;0;0;0;1
1527;0;1;1;0;0;45;12;0;0;0;0;0;1;0;0;1;0;0;1;0;0;0;28;35;28;29;39;31;31.18432;68;143;165;11;10;6;0;0;21.365385;12;40;16.615385;1;1;0;0;1;0;0;0;1
2330;0;1;0;0;1;40;14;0;0;0;0;0;1;0;0;1;0;0;1;0;0;0;58;50;56;59;40;45;55.174843;74;150;185;12;12;1;1;0;19.923077;22.290001;44;17.461538;0;1;0;0;1;0;0;0;1
1612;0;1;0;0;1;40;15;0;0;0;0;1;0;0;0;1;0;0;0;0;0;1;58;49;57;56;55;55;54.084366;71;210;246;12;12;3;1;0;10.788462;8;40;.057692308;0;0;1;0;1;0;0;1;0
146;0;1;0;0;1;38;12;0;0;0;0;0;1;0;0;0;1;0;0;1;0;0;62;65;57;53;46;46;61.990334;68;165;175;12;12;3;1;0;13.884615;18.799999;45;3.0192308;0;0;1;0;1;0;0;0;1
4552;0;1;0;0;1;38;15;0;0;0;0;0;1;0;0;1;0;0;0;1;0;0;60;53;50;59;61;39;55.174843;72;158;190;12;12;1;1;0;11.75;18.09;51;2.7115386;0;0;1;0;0;0;0;1;0
2291;0;1;0;0;1;37;16;0;0;0;1;0;0;0;0;1;0;0;0;1;0;0;64;66;56;59;62;57;63.89867;74;180;205;17;16;1;1;0;16.076923;29.450001;47;7.3076925;0;0;1;0;0;0;0;0;1
3059;0;1;0;0;1;45;12;0;0;0;0;0;1;0;0;0;1;0;0;1;0;0;54;36;44;50;46;47;41.816483;71;190;210;12;12;5;0;0;23.038462;21.389999;40;7.5961537;1;0;1;0;0;1;0;0;0
2122;0;1;0;0;1;43;12;0;0;0;0;0;1;0;0;1;0;0;1;0;0;0;46;43;33;32;20;29;37.727192;71;204;207;10;10;2;0;0;15.326923;9.8000002;50;12.769231;0;0;1;0;0;0;0;0;1
3431;0;1;0;0;1;38;17;0;0;0;1;0;0;0;0;1;0;0;1;0;0;0;68;66;61;59;49;54;65.261765;70;160;185;16;16;6;1;0;16.096153;47;45;13.942307;0;0;1;0;1;0;1;0;0
5586;0;1;0;0;1;41;12;0;0;0;0;0;1;0;0;1;0;0;1;0;0;0;46;43;48;41;56;55;44.270061;68;146;172;12;9;1;1;0;21.903847;15.55;45;3.4423077;0;0;1;0;0;0;0;0;1
4159;0;1;0;0;1;41;12;0;0;0;0;0;1;0;0;1;0;0;1;0;0;0;54;36;54;41;43;41;42.089104;71;200;218;14;14;1;1;0;23.25;14.8;50;2.8269231;0;0;1;0;1;0;0;0;1
1859;0;1;0;0;1;44;12;0;0;0;0;0;1;0;0;1;0;0;0;1;0;0;50;55;47;53;53;53;53.811745;72;195;200;12;12;5;0;0;20.23077;16.610001;40;11.596154;1;0;1;0;0;1;0;0;0
3706;0;1;0;0;1;45;13;0;0;0;0;0;1;0;0;1;0;0;1;0;0;0;54;53;56;50;50;40;54.356983;72;170;235;12;12;4;1;0;23;20.190001;50;1.7692307;0;0;1;0;1;0;0;1;0
3690;0;1;0;0;1;40;18;1;0;0;0;0;0;0;1;0;0;0;1;0;0;0;66;65;59;59;52;48;64.171288;66;165;210;20;20;1;1;1;14.057693;52.880001;40;14.057693;1;1;0;0;1;0;0;0;1
393;0;1;0;0;1;39;13;0;0;0;0;0;1;0;0;1;0;0;0;1;0;0;58;62;56;44;51;50;57.628418;72;190;225;11;12;3;1;0;18.384615;25;50;3.2884614;0;0;1;0;1;1;0;0;0
1887;0;1;0;0;1;41;12;0;0;0;0;0;1;0;1;0;0;0;1;0;0;0;42;35;31;29;32;35;32.002178;67;158;160;8;9;3;1;1;21.538462;7.54;36;.86538464;0;0;1;0;1;1;0;0;0
2086;0;1;0;0;1;43;12;0;0;0;0;0;1;0;0;0;1;0;0;1;0;0;46;50;47;53;43;44;51.085548;71;158;160;12;12;6;1;0;23.076923;11.78;44;4.7884617;0;0;1;0;1;0;1;0;0
1677;0;1;0;0;1;39;12;0;0;0;0;0;1;0;0;1;0;0;1;0;0;0;52;54;51;59;51;46;55.992702;67;135;165;13;13;5;1;;18.538462;25.5;40;16.634615;1;0;1;0;1;0;0;1;0
3310;0;1;1;0;0;39;12;0;0;0;0;0;1;0;0;1;0;0;1;0;0;0;38;40;35;50;37;42;41.543865;72;160;220;12;12;0;0;0;18.653847;13.94;40;2.6153846;0;0;1;0;1;1;0;0;0
11809;0;1;0;0;1;38;16;0;0;0;1;0;0;0;1;0;0;0;1;0;0;0;50;58;54;44;59;48;54.902222;74;175;242;12;12;1;1;0;15.153846;21.870001;40;2.1346154;0;0;1;0;1;0;0;0;1
3588;0;1;0;0;1;40;18;0;0;0;1;0;0;0;0;1;0;0;0;0;0;1;66;35;60;56;55;54;47.268875;71;160;185;12;16;2;1;0;14.423077;27.24;40;1.5192307;0;0;1;0;1;0;0;1;0
5222;0;1;0;1;0;39;16;0;0;0;0;0;1;0;0;1;0;0;0;1;0;0;52;50;50;53;52;31;51.903408;70;190;220;11;3;4;0;0;15.288462;14.24;54;.76923078;0;0;1;0;0;0;0;0;1
1916;0;1;0;0;1;39;19;0;0;0;1;0;0;0;0;1;0;0;1;0;0;0;58;54;57;44;52;56;53.539127;72;150;175;16;16;2;1;0;12.403846;33.919998;40;11.25;1;1;0;0;1;0;0;1;0
2033;0;1;0;0;1;39;12;0;0;0;0;0;1;0;0;1;0;0;1;0;0;0;52;59;50;56;62;62;57.628418;72;165;210;12;12;1;0;0;20.423077;55;50;14.538462;0;0;1;0;1;0;0;0;1
11889;0;1;0;0;1;38;17;0;0;0;1;0;0;0;0;1;0;0;0;0;0;1;48;54;55;50;48;54;54.629604;72;145;175;15;14;2;1;0;16.057692;16.25;42;4.6923075;0;0;1;0;0;0;1;0;0
3581;0;1;0;0;1;44;16;0;0;0;1;0;0;0;0;1;0;0;1;0;0;0;60;49;59;56;60;56;54.629604;75;185;190;12;12;3;1;1;20.865385;37.5;50;9.1346149;0;0;1;0;1;0;0;0;1
198;0;1;0;0;1;39;18;0;0;0;1;0;0;0;0;1;0;0;1;0;0;0;58;57;51;44;62;57;53.539127;70;155;185;16;17;1;1;0;16.326923;34.02;52;19.788462;0;0;1;0;1;0;0;1;0
4907;0;1;0;0;1;42;20;1;0;0;0;0;0;0;0;1;0;0;0;0;0;1;68;61;60;56;61;57;61.445091;72;185;210;12;14;1;1;0;1.3076923;127.9;10;1.3076923;0;0;0;0;1;0;0;0;1
562;0;1;0;0;1;40;20;0;0;1;0;0;0;0;0;1;0;0;1;0;0;0;48;54;54;53;56;47;55.174843;69;163;168;12;13;1;1;0;14.923077;17.34;54;4.9230771;0;1;0;0;1;0;1;0;0
3479;0;1;0;0;1;38;12;0;0;0;0;0;1;0;0;1;0;0;1;0;0;0;46;49;46;35;47;44;45.360538;72;180;195;12;12;2;1;0;19.961538;25.5;45;6.9807692;1;0;1;0;0;0;1;0;0
5263;0;1;0;0;1;45;14;0;0;0;0;0;1;0;0;1;0;0;0;1;0;0;52;55;55;59;52;44;57.628418;70;165;197;12;11;2;0;0;23.038462;10.68;45;2.1538463;0;0;1;0;1;0;0;1;0
5291;0;1;0;0;1;39;12;0;0;0;0;0;1;0;0;1;0;0;1;0;0;0;40;43;37;29;41;28;37.999809;67;180;210;12;14;3;1;1;19.903847;16.16;40;18.923077;1;0;1;0;0;0;1;0;0
4129;0;1;0;0;1;39;14;0;0;0;0;1;0;0;0;1;0;0;1;0;0;0;50;57;51;50;50;54;55.174843;67;143;175;6;6;4;1;0;15.557693;14.21;40;3.4615386;0;0;1;0;0;0;0;0;1
12106;0;1;0;0;1;38;18;0;0;0;1;0;0;0;1;0;0;0;0;0;0;1;58;51;54;56;54;57;54.356983;71;160;180;13;16;3;1;0;9.6730766;31.25;40;4.8269229;0;0;1;0;1;0;0;1;0
11972;0;1;0;1;0;40;20;0;0;1;0;0;0;0;0;1;0;0;0;1;0;0;36;45;50;47;51;47;47.541496;67;135;160;12;15;2;1;0;13.442307;40;50;5.4615383;0;1;0;0;1;0;0;0;1
4765;0;1;0;0;1;38;12;0;0;0;0;0;1;0;0;0;1;0;1;0;0;0;58;55;52;53;41;41;55.174843;73;180;198;12;12;3;1;0;13.423077;19.4;53;3.8461537;0;0;1;0;1;0;1;0;0
445;0;1;0;0;1;37;16;0;0;0;1;0;0;0;1;0;0;0;1;0;0;0;60;53;57;59;54;56;57.083179;74;185;257;14;16;1;1;0;13.346154;20.969999;55;1.6923077;0;0;1;0;0;1;0;0;0
1591;0;1;0;0;1;39;12;0;0;0;0;0;1;0;0;1;0;1;0;0;0;0;48;47;47;44;44;52;46.996254;69;180;200;11;11;3;0;0;17.538462;7.54;40;2.5384614;0;0;1;0;0;0;0;1;0
3141;0;1;0;0;1;40;16;0;0;0;1;0;0;0;1;0;0;0;1;0;0;0;62;65;61;59;62;61;64.71653;74;200;225;12;14;2;1;0;14.307693;33.650002;40;2.2307692;0;0;1;0;1;1;0;0;0
4348;0;1;0;0;1;38;14;0;0;0;0;0;0;1;0;1;0;1;0;0;0;0;58;57;50;47;44;44;54.084366;71;140;170;13;12;1;1;0;14.057693;22;40;.01923077;0;0;1;0;0;0;0;1;0
12068;0;1;0;1;0;39;16;0;0;0;1;0;0;0;1;0;0;0;1;0;0;0;64;55;60;59;48;45;58.991516;68;185;230;20;20;2;1;0;17.692308;18.6;40;16.038462;1;1;0;0;1;0;0;1;0
2767;0;1;0;0;1;38;14;0;0;0;0;1;0;0;0;1;0;0;0;0;0;1;46;32;33;44;37;41;35.000996;63;110;140;9;10;2;0;1;15.230769;15.38;40;11.096154;0;1;0;0;0;0;0;0;1
2005;0;1;0;0;1;38;16;0;0;0;1;0;0;0;0;1;0;0;1;0;0;0;64;58;59;53;59;35;58.718899;71;180;200;12;16;2;1;0;12.923077;26.51;50;4.2692308;0;0;1;0;1;0;1;0;0
5377;0;1;0;0;1;41;14;0;0;0;0;1;0;0;0;0;1;0;0;1;0;0;56;62;60;62;57;50;63.626049;71;177;240;12;12;4;1;0;20.365385;16.879999;41;11.865385;0;0;1;0;0;0;1;0;0
4448;0;1;0;0;1;38;16;0;0;0;1;0;0;0;0;1;0;0;1;0;0;0;60;55;59;59;50;50;58.718899;71;158;200;12;10;1;1;0;11.788462;32.049999;42;5.5;0;0;1;0;1;0;0;1;0
87;0;1;1;0;0;39;12;0;0;0;0;0;1;0;1;0;0;0;1;0;0;0;38;38;22;32;25;41;32.002178;68;170;159;11;12;7;1;0;18.25;8.5;40;3.3269231;0;0;1;0;1;1;0;0;0
213;0;1;0;0;1;39;16;0;0;0;1;0;0;0;1;0;0;0;0;1;0;0;58;65;60;62;62;55;65.261765;72;155;164;12;16;3;1;;16.807692;19.68;42;.88461536;0;1;0;0;1;1;0;0;0
3942;0;1;1;0;0;44;11;0;0;0;0;0;0;1;1;0;0;0;1;0;0;0;40;39;28;32;26;41;34.183136;74;180;175;12;6;7;1;1;6.7307692;6.1500001;20;.25;0;0;1;0;1;0;0;0;1
85;0;1;1;0;0;43;11;0;0;0;0;0;0;1;1;0;0;1;0;0;0;0;30;34;22;32;20;25;29.821222;64;139;165;11;11;7;1;0;9.1538458;8.75;40;3.7307692;0;0;1;0;1;1;0;0;0
2816;0;1;0;0;1;41;12;0;0;0;0;0;1;0;1;0;0;0;0;0;0;1;38;36;44;32;50;52;36.909332;73;194;188;7;12;0;0;0;19.846153;26.219999;44;17.788462;1;0;1;0;0;0;0;0;1
1386;0;1;1;0;0;41;12;0;0;0;0;0;1;0;0;1;0;0;1;0;0;0;40;39;43;44;52;42;41.543865;68;155;175;14;12;4;1;1;9.6153851;15.75;47;8.9807692;0;0;1;0;0;0;0;0;1
2463;0;1;0;0;1;44;15;0;0;0;0;0;1;0;0;1;0;0;0;0;0;1;68;64;61;62;62;65;64.989151;69;160;160;14;12;4;1;0;20.75;9.6099997;60;1.9230769;0;0;1;0;0;0;1;0;0
1556;0;1;0;0;1;39;12;0;0;0;0;0;1;0;0;1;0;0;0;1;0;0;52;61;46;56;53;56;57.628418;74;185;175;12;14;4;1;0;20.865385;16;40;1.9423077;0;0;1;0;0;0;0;1;0
2466;0;1;0;0;1;40;10;0;0;0;0;0;0;1;0;0;1;0;0;0;0;1;34;43;34;38;52;51;39.635529;74;180;175;12;12;5;1;0;16.807692;8;50;3.2307692;0;0;1;0;1;0;1;0;0
1790;0;1;0;0;1;41;12;0;0;0;0;0;1;0;0;1;0;1;0;0;0;0;64;53;60;59;42;54;57.901039;70;155;220;13;15;1;1;0;21.576923;14.9;40;6.0576925;0;1;0;0;0;0;0;0;1
2024;0;1;0;0;1;42;15;0;0;0;1;0;0;0;0;0;1;0;1;0;0;0;64;65;59;59;57;56;64.171288;71;190;220;17;20;1;1;0;17.846153;17.02;40;1.4615384;1;0;1;0;1;0;1;0;0
3533;0;1;0;0;1;44;14;0;0;0;0;0;1;0;0;1;0;0;0;1;0;0;66;61;56;59;62;64;61.172474;71;212;235;12;12;1;0;0;21.23077;41.02;45;.67307693;0;0;1;0;1;0;1;0;0
11888;0;1;0;0;1;40;12;0;0;0;0;0;1;0;0;0;1;0;1;0;0;0;46;45;52;47;48;43;48.086735;71;155;215;14;14;2;1;0;22.365385;13.4;48;6.4807692;0;0;1;0;1;0;0;1;0
1011;0;1;0;0;1;39;12;0;0;0;0;0;1;0;0;1;0;0;0;1;0;0;50;57;41;32;54;45;47.541496;70;140;195;12;12;0;1;0;20.942308;18.25;40;11.326923;0;0;1;0;1;0;1;0;0
2386;0;1;0;1;0;40;15;0;0;0;0;0;1;0;0;0;1;0;0;1;0;0;52;64;42;53;62;65;57.355801;64;150;185;12;11;2;1;0;20.557692;24.610001;50;13.211538;1;0;1;0;1;0;0;1;0
956;0;1;0;0;1;38;13;0;0;0;0;0;1;0;0;1;0;0;1;0;0;0;56;45;48;56;61;54;49.449833;73;165;195;12;12;2;1;0;19.307692;14;40;9.7115383;0;0;1;0;1;0;1;0;0
2649;0;1;0;1;0;41;18;0;0;0;1;0;0;0;1;0;0;0;0;1;0;0;68;64;60;62;48;38;64.71653;75;271;280;4;14;8;1;1;10.653846;15.38;40;6.7307692;1;1;0;0;1;0;0;0;1
4008;0;1;1;0;0;44;13;0;0;0;0;0;1;0;1;0;0;0;1;0;0;0;38;40;39;32;31;48;37.727192;68;155;190;16;16;2;1;0;21.98077;22.75;55;6.3269229;1;0;1;0;1;0;0;0;1
1169;0;1;0;0;1;43;12;0;0;0;0;0;1;0;0;1;0;0;1;0;0;0;60;57;57;50;41;45;56.810562;71;155;200;12;14;3;1;0;22;23.33;30;.76923078;0;0;1;0;0;0;0;0;1
18;0;1;0;0;1;44;13;0;0;0;0;0;1;0;0;0;1;0;0;0;0;1;62;66;61;59;62;59;65.261765;66;155;170;12;16;2;1;0;22.076923;113.96;27;15.923077;0;0;1;0;1;0;0;1;0
5666;0;1;0;0;1;43;16;0;0;0;1;0;0;0;0;1;0;0;1;0;0;0;54;59;54;59;58;57;59.536755;76;200;200;12;14;2;1;0;21.326923;27.209999;47;18.826923;0;0;1;0;0;0;0;0;1
4635;0;1;0;0;1;40;17;0;0;0;1;0;0;0;0;1;0;0;1;0;0;0;58;64;57;59;52;42;63.080811;73;165;240;12;14;3;1;0;10.019231;31.25;40;.15384616;0;0;1;0;1;0;0;1;0
5580;0;1;0;0;1;38;12;0;0;0;0;0;0;1;0;0;1;0;0;1;0;0;50;42;47;47;38;38;45.087917;67;155;160;10;12;3;0;0;19.346153;15;40;6.4615383;0;0;1;0;0;0;0;0;1
12100;0;1;0;0;1;40;12;0;0;0;0;0;1;0;0;1;0;0;1;0;0;0;52;57;47;50;56;56;54.084366;71;170;185;8;16;3;1;0;21.038462;16.620001;40;3.2884614;0;1;0;0;1;0;0;1;0
2776;0;1;0;0;1;40;14;0;0;0;0;1;0;0;0;1;0;0;1;0;0;0;68;58;59;59;41;47;60.354614;76;202;230;5;8;5;0;0;13.807693;13.73;42;9.4038458;0;1;0;0;0;0;0;0;1
1663;0;1;0;1;0;38;12;0;0;0;0;1;0;0;0;0;1;0;0;1;0;0;54;43;46;41;41;41;43.724819;68;153;178;12;12;7;1;0;5.7115383;22;60;1.1538461;0;0;1;0;1;0;0;1;0
1627;0;1;0;0;1;38;12;0;0;0;0;0;1;0;0;0;1;0;0;1;0;0;54;46;44;47;39;38;46.451015;73;165;165;16;14;3;1;0;13.865385;8.8800001;32;1.6538461;0;0;1;0;0;0;0;1;0
253;0;1;0;0;1;37;11;0;0;0;0;0;0;1;1;0;0;0;0;1;0;0;42;46;46;26;35;41;41.271244;66;175;172;8;12;2;1;0;12.557693;9.6499996;40;8.0384617;1;0;1;0;1;1;0;0;0
819;0;1;0;0;1;40;14;0;0;0;0;1;0;0;0;1;0;0;0;0;1;0;44;38;43;44;52;44;40.998627;64;145;160;12;12;1;0;0;18.961538;20;40;7.5192308;1;0;1;0;1;0;1;0;0
2762;0;1;1;0;0;42;12;0;0;0;0;0;1;0;0;1;0;0;1;0;0;0;30;42;29;35;30;23;36.909332;66;190;250;10;12;4;1;0;22.076923;5;40;11.076923;0;0;1;0;0;0;0;0;1
2800;0;1;0;0;1;40;18;0;0;1;0;0;0;0;0;0;1;0;1;0;0;0;64;65;61;59;51;64;64.71653;71;170;250;12;12;1;1;0;11.865385;50.16;46;2.8076923;0;0;1;0;1;0;1;0;0
11937;0;1;1;0;0;41;20;0;0;1;0;0;0;0;0;1;0;0;1;0;0;0;34;42;38;35;51;29;39.362907;73;185;258;12;12;2;1;0;11.884615;16.99;43;7.9423075;1;1;0;0;0;0;0;0;1
3540;0;1;1;0;0;41;11;0;0;0;0;0;0;1;1;0;0;0;1;0;0;0;40;40;54;47;40;41;45.905777;71;167;200;11;16;3;1;0;16.75;12.2;40;2.3653846;1;0;1;0;1;0;1;0;0
2222;0;1;0;0;1;43;16;0;0;0;1;0;0;0;0;1;0;0;1;0;0;0;68;66;60;59;62;54;64.989151;67;140;193;12;18;2;0;0;18.73077;15.71;44;11.384615;0;1;0;0;1;0;0;0;1
4181;0;1;1;0;0;39;11;0;0;0;0;0;1;0;1;0;0;0;1;0;0;0;40;45;46;44;48;42;45.63316;72;197;210;12;12;7;0;1;14.519231;9;40;.096153848;0;0;1;0;1;0;0;0;1
3202;0;1;0;0;1;43;12;0;0;0;0;0;1;0;0;0;1;0;1;0;0;0;52;43;54;50;46;32;48.359352;70;180;220;10;8;4;0;0;21.673077;14.25;40;1;0;0;1;0;1;1;0;0;0
3569;0;1;0;0;1;38;12;0;0;0;0;0;1;0;0;1;0;0;0;0;0;1;44;35;44;47;46;59;40.453384;73;190;230;12;12;4;0;0;19.596153;15.6;50;20.903847;0;0;1;0;0;0;1;0;0
1708;0;1;0;0;1;43;16;0;0;0;1;0;0;0;0;1;0;0;1;0;0;0;66;62;59;53;48;41;60.899853;72;175;230;17;20;3;1;0;16.923077;15.69;40;9.6923075;1;1;0;0;1;0;0;1;0
4407;0;1;0;0;1;41;16;0;0;0;1;0;0;0;1;0;0;0;0;1;0;0;56;57;60;62;44;43;60.899853;71;155;165;16;16;3;1;0;18.461538;85.470001;45;3.5384614;0;0;1;0;1;0;0;1;0
1156;0;1;1;0;0;45;12;0;0;0;0;0;1;0;1;0;0;0;1;0;0;0;42;53;51;56;50;50;54.629604;73;230;230;12;14;1;1;0;19.75;10.57;40;4.6346154;1;0;1;0;1;0;0;0;1
4831;0;1;0;0;1;37;18;0;0;1;0;0;0;0;1;0;0;0;0;1;0;0;54;61;59;62;44;45;62.808189;70;140;150;13;16;4;0;0;13.288462;23.07;40;1.1153846;0;1;0;0;1;0;1;0;0
959;0;1;0;0;1;42;14;0;0;0;0;0;1;0;0;1;0;0;0;1;0;0;58;66;57;62;54;55;64.989151;74;180;190;15;16;3;0;0;18.961538;39.91;53;7.5;0;0;1;0;1;0;1;0;0
4884;0;1;0;0;1;44;12;0;0;0;0;0;1;0;0;1;0;0;0;1;0;0;62;64;59;50;61;56;61.172474;72;180;228;12;11;3;1;1;23.442308;14.6;40;17.653847;1;1;0;0;1;0;1;0;0
1521;0;1;1;0;0;41;12;0;0;0;0;0;1;0;0;1;0;0;1;0;0;0;44;45;39;38;52;40;42.089104;68;185;225;12;10;6;1;0;11.538462;16;50;3.3653846;0;1;0;0;0;0;0;0;1
630;0;1;0;0;1;38;8;0;0;0;0;0;0;1;0;1;0;0;0;0;0;1;32;36;33;35;32;29;34.728374;73;160;220;10;10;2;1;0;21.096153;11.11;45;.26923078;0;0;1;0;1;0;1;0;0
39;0;1;0;0;1;43;12;0;0;0;0;0;1;0;0;1;0;0;1;0;0;0;50;47;46;47;52;31;47.541496;72;180;195;12;12;4;1;0;22.576923;28.84;50;17.557692;0;0;1;0;1;0;0;0;1
3170;0;1;0;0;1;41;19;1;0;0;0;0;0;0;0;1;0;0;0;0;1;0;64;66;61;62;62;63;66.079628;72;162;175;16;16;1;1;0;17;34.959999;55;12.423077;0;0;1;0;1;1;0;0;0
776;0;1;0;0;1;41;17;0;0;0;1;0;0;0;0;1;0;0;1;0;0;0;66;64;60;59;62;57;63.89867;69;147;165;12;13;2;1;0;15.403846;59;44;2.2884614;0;0;1;0;1;0;1;0;0
4609;0;1;0;0;1;41;20;0;0;1;0;0;0;0;0;1;0;0;1;0;0;0;60;64;56;59;62;64;62.808189;73;172;205;12;10;2;1;1;15.826923;72.110001;40;3.75;0;0;1;0;1;0;0;0;1
3353;0;1;0;0;1;41;12;0;0;0;0;0;1;0;1;0;0;0;1;0;0;0;38;43;38;38;40;38;40.726006;67;210;250;13;14;3;1;0;21.096153;18.85;40;6.8653846;1;0;1;0;1;0;1;0;0
5323;0;1;0;0;1;41;10;0;0;0;0;0;0;1;1;0;0;0;1;0;0;0;46;38;33;41;28;41;37.454571;68;120;217;12;9;5;0;0;15.615385;13.5;40;5.5;0;0;1;0;0;0;1;0;0
1390;0;1;1;0;0;38;12;0;0;0;0;0;1;0;0;1;0;0;1;0;0;0;34;40;44;47;37;26;43.179581;74;191;280;12;12;3;1;;5.0769229;21.110001;45;2.6538463;1;0;1;0;1;0;0;1;0
2787;0;1;0;0;1;38;12;0;0;0;0;0;1;0;0;0;1;0;1;0;0;0;52;66;54;56;44;45;62.535572;73;200;225;9;10;2;1;0;13.576923;11.05;40;5.75;0;1;0;0;1;0;0;0;1
1759;0;1;1;0;0;41;13;0;0;0;0;0;1;0;0;1;0;0;1;0;0;0;46;39;35;41;47;31;38.545048;66;131;160;12;11;1;1;1;17.365385;11;40;9.2692308;1;0;1;0;1;0;0;1;0
4545;0;1;0;0;1;45;12;0;0;0;0;0;1;0;0;1;0;0;1;0;0;0;54;62;48;47;59;57;56.26532;74;180;200;12;12;4;1;0;23.192308;40.060001;48;23.711538;0;0;1;0;1;0;0;1;0
917;0;1;0;0;1;43;12;0;0;0;0;0;1;0;1;0;0;0;0;1;0;0;48;39;50;50;47;54;45.087917;75;190;230;10;13;3;1;0;14;13.23;40;.25;1;0;1;0;1;0;1;0;0
3894;0;1;0;0;1;40;18;0;0;1;0;0;0;0;0;1;0;0;1;0;0;0;62;62;61;62;57;53;63.89867;70;155;200;12;12;0;1;0;12.038462;35;40;.15384616;0;0;1;0;1;0;0;0;1
3845;0;1;0;0;1;42;12;0;0;0;0;0;1;0;0;0;1;0;1;0;0;0;54;46;57;56;51;46;52.448647;69;145;200;12;12;4;1;0;17.057692;10;40;5.1730771;1;0;1;0;1;0;1;0;0
5691;0;1;0;0;1;43;11;0;0;0;0;0;0;1;0;0;1;0;1;0;0;0;54;43;59;50;38;44;49.72245;65;150;175;9;6;2;1;0;17.057692;9;50;1.5961539;0;0;1;0;0;0;0;0;1
3127;0;1;0;0;1;40;12;0;0;0;0;0;1;0;0;1;0;0;1;0;0;0;32;42;35;44;33;38;40.998627;72;195;217;12;12;5;1;0;21.115385;9;40;1.2884616;0;0;1;0;1;1;0;0;0
3830;0;1;0;0;1;38;12;0;0;0;0;0;1;0;0;1;0;0;1;0;0;0;50;49;51;38;43;48;47.541496;71;140;195;11;12;3;1;0;18.26923;16.5;52;3.0384614;0;0;1;0;1;0;0;0;1
4518;0;1;0;0;1;37;15;0;0;0;1;0;0;0;0;1;0;0;0;1;0;0;36;39;44;47;46;49;42.634342;75;180;170;12;12;2;1;0;11.557693;30.34;40;12.480769;1;1;0;0;1;0;0;1;0
2516;0;1;0;0;1;40;12;0;0;0;0;1;0;0;0;1;0;0;1;0;0;0;60;59;50;53;52;56;56.810562;71;210;230;12;12;3;1;;22.423077;17.299999;40;3.1730769;0;0;1;0;0;0;1;0;0
4979;0;1;0;1;0;37;12;0;0;0;0;0;1;0;0;1;0;0;0;1;0;0;52;45;54;59;57;47;51.903408;67;140;205;12;12;2;1;1;18.307692;12.82;60;2.0384614;0;0;1;0;1;0;0;0;1
5358;0;1;0;0;1;39;14;0;0;0;0;0;1;0;0;0;1;0;1;0;0;0;60;51;56;59;50;47;55.720081;75;230;215;12;12;1;1;0;19.98077;29.059999;40;1;0;0;1;0;1;0;0;1;0
2051;0;1;0;0;1;38;11;0;0;0;0;0;0;1;0;1;0;0;1;0;0;0;36;38;37;29;42;42;35.273613;66;150;150;12;7;3;1;1;18.692308;7;40;1.6923077;0;0;1;0;1;0;0;0;1
718;0;1;0;0;1;43;12;0;0;0;0;0;1;0;0;0;1;0;1;0;0;0;50;55;59;53;59;48;57.083179;67;185;200;12;12;2;1;0;20.115385;13;50;.57692307;0;0;1;0;0;0;1;0;0
480;0;1;0;0;1;44;18;0;0;1;0;0;0;0;0;1;0;0;1;0;0;0;54;53;54;56;51;44;55.447464;70;205;200;12;12;2;1;0;18.73077;22.110001;40;26.115385;1;1;0;0;1;0;1;0;0
2194;0;1;0;0;1;38;9;0;0;0;0;0;0;1;0;1;0;0;1;0;0;0;44;42;35;38;38;39;39.362907;69;130;138;6;6;2;1;0;20.5;14;40;.01923077;0;0;1;0;2;0;0;0;1
4327;0;1;0;0;1;37;12;0;0;0;0;0;1;0;0;1;0;0;1;0;0;0;58;62;52;47;57;57;57.355801;70;145;175;12;12;4;1;0;11.75;13.5;40;6.9807692;0;0;1;0;1;0;1;0;0
2163;0;1;0;0;1;44;14;0;0;0;0;1;0;0;0;1;0;0;0;1;0;0;44;42;54;47;48;50;46.996254;69;195;210;12;10;0;0;0;20.653847;8.5;40;.096153848;1;1;0;0;2;0;0;0;1
4586;0;1;0;0;1;37;12;0;0;0;0;0;1;0;0;1;0;0;1;0;0;0;56;65;54;50;53;43;60.354614;72;155;235;13;8;2;1;1;17.442308;26.5;37;2.3269231;0;0;1;0;1;0;0;1;0
248;0;1;0;0;1;41;12;0;0;0;0;0;1;0;0;0;1;1;0;0;0;0;44;36;41;38;37;35;37.727192;72;160;190;16;8;4;1;1;13.673077;8;50;.55769229;0;0;1;0;1;1;0;0;0
4000;0;1;0;0;1;44;7;0;0;0;0;0;0;1;0;1;0;0;1;0;0;0;42;42;48;47;42;50;45.360538;72;145;170;10;12;4;1;0;23.403847;14;50;1.4615384;0;0;1;0;0;0;0;0;1
1917;0;1;0;0;1;40;12;0;0;0;0;0;1;0;0;1;0;0;1;0;0;0;42;53;28;44;31;40;45.087917;68;170;212;12;12;1;1;0;21.826923;18.34;40;9.4807692;0;1;0;0;2;1;0;0;0
3887;0;1;0;0;1;40;20;1;0;0;0;0;0;0;0;1;0;0;1;0;0;0;68;66;61;62;62;60;66.079628;75;205;280;14;17;2;1;0;10.865385;109.61;50;.03846154;1;0;1;0;0;0;1;0;0
1784;0;1;0;0;1;38;15;0;0;0;0;1;0;0;0;1;0;0;0;0;0;1;64;57;60;53;42;43;58.446278;68;145;240;12;15;1;1;0;10.903846;39.529999;40;1.9038461;0;0;1;0;1;0;0;1;0
3570;0;1;0;0;1;41;9;0;0;0;0;0;0;1;0;1;0;0;1;0;0;0;42;38;33;29;52;45;34.183136;73;170;210;9;9;4;0;0;20.442308;17.120001;45;10.961538;0;0;1;0;0;0;1;0;0
973;0;1;0;0;1;39;12;0;0;0;0;0;1;0;1;0;0;0;1;0;0;0;60;57;50;50;58;57;54.902222;69;170;178;12;12;2;1;0;20.923077;16.34;40;14;0;0;1;0;1;0;1;0;0
2089;0;1;0;0;1;39;12;0;0;0;0;0;1;0;0;0;1;0;0;1;0;0;40;38;41;41;53;46;39.635529;74;150;165;12;12;6;1;0;20.173077;15;40;18.115385;0;0;1;0;1;0;1;0;0
3425;0;1;0;0;1;38;13;0;0;0;0;0;1;0;1;0;0;0;1;0;0;0;62;61;56;50;55;52;58.718899;70;185;205;13;12;4;1;1;18.51923;34.150002;40;8.6346149;1;0;1;0;1;0;1;0;0
3219;0;1;0;0;1;41;14;0;0;0;0;1;0;0;0;1;0;0;0;1;0;0;56;58;51;50;42;47;55.720081;72;195;180;12;16;5;1;0;20.51923;23.07;50;20.384615;0;0;1;0;1;1;0;0;0
638;0;1;0;0;1;41;13;0;0;0;0;0;1;0;0;1;0;0;0;0;0;1;54;50;51;53;62;61;52.176029;65;120;138;12;15;1;0;0;23.423077;26.74;40;21.01923;0;0;1;0;0;0;1;0;0
4877;0;1;0;0;1;44;16;0;0;0;1;0;0;0;0;1;0;0;0;1;0;0;60;64;61;59;62;58;64.171288;65;132;158;14;16;2;1;0;16;16.280001;45;9.4230766;0;0;0;1;1;0;1;0;0
2861;0;1;0;0;1;39;17;0;0;1;0;0;0;0;0;1;0;0;0;0;0;1;68;66;61;59;62;57;65.261765;69;162;190;14;15;1;1;0;15.5;39.860001;55;15.057693;0;0;1;0;1;1;0;0;0
1802;0;1;0;0;1;38;12;0;0;0;0;0;1;0;0;0;1;0;0;1;0;0;66;61;52;50;53;42;57.628418;74;170;220;12;16;5;1;0;17.653847;13;40;1.9807693;0;0;1;0;1;0;0;1;0
2157;0;1;0;0;1;44;12;0;0;0;0;0;1;0;0;1;0;0;1;0;0;0;58;39;56;56;59;48;48.359352;76;188;228;11;6;4;1;0;21.038462;12;40;2.25;0;0;1;0;0;0;0;0;1
4514;0;1;0;0;1;44;15;0;0;0;1;0;0;0;0;1;0;0;1;0;0;0;60;64;57;62;61;54;63.89867;74;210;255;11;14;1;1;0;10.769231;44.07;48;6.5;0;0;1;0;1;0;0;1;0
613;0;1;0;0;1;39;12;0;0;0;0;0;1;0;0;1;0;1;0;0;0;0;48;50;43;41;40;44;46.723637;69;145;165;16;12;1;1;0;21.423077;21;55;16.096153;0;0;1;0;1;0;1;0;0
5329;0;1;0;0;1;40;13;0;0;0;0;0;1;0;0;1;0;0;0;1;0;0;48;42;43;47;38;29;43.99744;67;180;222;12;12;4;1;0;21.653847;14.8;59;5.9038463;0;0;1;0;0;0;1;0;0
2187;0;1;0;0;1;40;13;0;0;0;0;0;1;0;0;0;1;0;1;0;0;0;52;46;52;41;46;50;46.996254;68;230;230;12;14;1;1;0;21.692308;30;50;18.211538;0;0;1;0;0;0;0;0;1
2694;0;1;0;1;0;43;15;0;0;0;1;0;0;0;1;0;0;0;1;0;0;0;56;53;56;56;55;63;55.992702;64;135;145;6;6;7;1;0;20.615385;8;18;.80769229;0;0;1;0;1;0;0;0;1
4088;0;1;0;0;1;45;13;0;0;0;0;0;1;0;0;1;0;0;1;0;0;0;58;57;57;62;52;50;60.081997;70;180;187;15;14;1;1;0;23.442308;110.57;40;24.615385;0;0;0;1;0;0;0;0;1
73;0;1;0;0;1;38;18;0;0;0;1;0;0;0;1;0;0;0;1;0;0;0;60;50;60;56;52;54;55.447464;70;175;200;16;16;2;1;0;11.173077;57.689999;50;1.6923077;0;0;1;0;1;1;0;0;0
12056;0;1;0;0;1;42;15;0;0;0;0;0;1;0;0;1;0;0;0;0;0;1;62;61;59;56;46;48;61.172474;76;250;270;16;14;2;1;0;12.961538;2.5;60;10.980769;0;0;0;1;1;0;0;0;1
4329;0;1;0;0;1;43;12;0;0;0;0;0;1;0;0;1;0;0;1;0;0;0;58;59;56;59;44;48;60.081997;71;200;205;12;12;2;1;0;22.961538;27.799999;40;18.096153;0;1;0;0;1;0;0;1;0
796;0;1;0;0;1;41;16;0;0;0;1;0;0;0;0;1;0;0;1;0;0;0;68;64;61;62;57;60;64.989151;67;180;191;11;12;2;1;0;19.788462;27.879999;40;12.961538;0;0;1;0;1;0;1;0;0
235;0;1;0;0;1;39;15;0;0;0;0;1;0;0;0;1;0;0;1;0;0;0;56;55;50;47;54;53;52.993885;68;178;174;12;12;3;1;0;18.173077;33.650002;40;14.115385;1;1;0;0;0;1;0;0;0
1081;0;1;0;0;1;40;14;0;0;0;0;1;0;0;1;0;0;1;0;0;0;0;58;51;55;59;48;43;55.447464;69;155;230;16;16;3;1;0;18.288462;15;45;1.4038461;0;0;1;0;1;0;0;0;1
281;0;1;0;0;1;40;18;0;0;1;0;0;0;0;0;1;0;0;0;1;0;0;60;65;54;50;62;51;60.354614;75;195;190;13;13;3;1;0;15.423077;36.849998;48;12.807693;0;0;1;0;1;1;0;0;0
12045;0;1;0;0;1;44;20;0;0;1;0;0;0;0;0;1;0;0;1;0;0;0;64;65;61;56;61;65;63.89867;68;170;200;16;18;1;1;0;16.884615;18.379999;40;15.923077;0;1;0;0;1;0;0;0;1
5519;0;1;0;0;1;39;8;0;0;0;0;0;0;1;0;0;1;0;1;0;0;0;24;31;25;35;27;28;29.821222;62;154;185;8;10;5;0;0;17.384615;8;40;6.5961537;0;1;0;0;0;0;0;0;1
3213;0;1;0;0;1;39;12;0;0;0;0;0;1;0;0;1;0;0;1;0;0;0;54;45;55;59;44;43;52.176029;69;168;210;12;12;6;1;0;14.384615;18.709999;40;.71153843;0;1;0;0;1;1;0;0;0
4888;0;1;0;0;1;41;12;0;0;0;0;0;1;0;0;1;0;0;1;0;0;0;56;51;60;47;43;48;53.539127;73;195;205;13;13;5;0;0;23.365385;16.23;45;5.7115383;0;0;1;0;0;0;1;0;0
12122;0;1;0;0;1;45;8;0;0;0;0;0;0;1;0;1;0;0;1;0;0;0;46;45;42;41;43;44;43.724819;70;163;165;6;10;9;1;0;22.557692;24.73;40;7.1923075;0;0;1;0;0;0;0;0;1
3757;0;1;0;0;1;39;18;0;0;1;0;0;0;0;0;1;0;0;1;0;0;0;66;65;60;59;62;65;64.443909;66;165;180;12;18;1;1;0;15.057693;27.690001;50;15.403846;0;0;1;0;0;0;1;0;0
1952;0;1;0;0;1;38;17;0;0;0;1;0;0;0;0;0;1;0;0;1;0;0;56;47;48;44;52;48;47.268875;69;183;190;12;15;2;1;0;13.615385;61.529999;50;3.5961537;0;0;1;0;1;0;0;0;1
5296;0;1;0;0;1;42;12;0;0;0;0;0;1;0;0;0;1;0;0;1;0;0;66;61;59;56;37;44;61.172474;62;174;245;12;12;5;0;0;12.326923;9.3500004;40;1.1923077;1;0;1;0;0;0;1;0;0
929;0;1;0;0;1;37;12;0;0;0;0;0;1;0;1;0;0;0;1;0;0;0;58;54;52;59;49;42;56.26532;73;180;210;12;12;2;1;0;17.51923;8.0100002;58;7.4038463;0;0;1;0;1;0;1;0;0
1257;0;1;0;0;1;38;12;0;0;0;0;0;0;0;0;0;1;0;1;0;0;0;48;47;42;38;35;38;43.99744;77;164;220;12;12;1;1;0;15.807693;9.3100004;35;2.0576923;0;0;1;0;0;0;0;0;1
797;0;1;0;0;1;40;12;0;0;0;0;0;1;0;0;1;0;0;1;0;0;0;54;51;57;56;62;34;55.174843;73;240;260;11;12;2;1;0;19.365385;25.9;40;2.0192308;1;0;1;0;1;0;1;0;0
4569;0;1;0;0;1;41;12;0;0;0;0;0;1;0;0;0;1;0;0;1;0;0;54;55;56;59;62;62;57.901039;71;197;235;12;11;10;1;1;22.865385;22.799999;57;10.846154;0;0;1;0;1;0;0;1;0
2335;0;1;0;0;1;45;13;0;0;0;0;0;1;0;0;0;1;0;1;0;0;0;54;61;57;62;62;63;62.262951;74;150;165;12;10;1;1;;22.076923;21.360001;45;8.0192308;0;0;1;0;1;0;0;0;1
4128;0;1;0;0;1;43;12;0;0;0;0;0;1;0;0;1;0;0;1;0;0;0;58;57;56;53;53;37;57.355801;66;135;145;12;16;3;1;0;22.115385;14.23;50;3.9615386;0;0;1;0;1;0;1;0;0
412;0;1;0;0;1;37;14;0;0;0;0;1;0;0;0;1;0;0;1;0;0;0;54;57;55;50;50;45;56.26532;72;188;220;11;12;2;1;0;10.942307;15.62;40;3.1346154;1;1;0;0;0;1;0;0;0
3598;0;1;0;0;1;43;12;0;0;0;0;0;1;0;0;1;0;0;0;1;0;0;46;39;48;35;49;46;40.453384;72;190;216;12;12;1;1;0;23.211538;19.360001;40;4.6346154;1;0;1;0;0;0;1;0;0
3455;0;1;0;0;1;42;12;0;0;0;0;0;1;0;0;1;0;0;0;1;0;0;54;58;55;53;50;47;57.628418;70;160;160;14;12;4;1;0;22.615385;21;40;18.673077;1;0;1;0;0;0;1;0;0
5097;0;1;0;0;1;40;12;0;0;0;0;0;1;0;0;1;0;0;1;0;0;0;46;50;42;50;52;57;48.904594;66;157;180;12;12;1;1;0;21;48.84;50;5.3461537;0;0;1;0;1;0;0;0;1
1353;0;1;0;0;1;38;12;0;0;0;0;1;0;0;0;0;1;0;1;0;0;0;46;43;54;50;48;54;48.359352;70;165;175;12;12;1;0;0;19.884615;8.2299995;40;13.576923;0;1;0;0;0;0;0;0;1
5579;0;1;0;0;1;40;12;0;0;0;0;0;1;0;0;1;0;0;1;0;0;0;44;54;44;56;60;49;53.266506;72;245;280;10;12;3;0;0;22.288462;41.25;40;7.6923075;0;0;1;0;1;0;0;0;1
4883;0;1;0;0;1;44;13;0;0;0;0;0;1;0;0;0;1;0;0;1;0;0;52;59;48;53;62;60;56.26532;67;150;175;12;12;6;1;0;18.884615;12.98;40;10.75;0;1;0;0;1;0;0;0;1
3620;0;1;0;0;1;40;12;0;0;0;0;0;1;0;0;1;0;0;1;0;0;0;58;54;51;47;51;38;52.721268;75;225;268;12;10;2;1;0;18.846153;14.42;40;5.5192308;0;0;1;0;0;0;1;0;0
644;0;1;0;0;1;44;20;1;0;0;0;0;0;0;0;1;0;0;1;0;0;0;64;58;61;59;53;48;60.899853;72;175;184;12;14;2;1;0;14.153846;54.48;60;4.5384617;1;0;1;0;1;0;0;1;0
3553;0;1;0;0;1;39;12;0;0;0;0;0;1;0;0;1;0;0;0;1;0;0;52;65;47;59;60;57;60.899853;70;150;160;11;9;8;0;0;20.673077;22;40;2.5384614;0;0;1;0;1;0;1;0;0
4902;0;1;0;0;1;44;12;0;0;0;0;0;1;0;0;1;0;0;1;0;0;0;54;45;50;53;49;48;49.177212;72;205;195;8;12;1;0;0;18.788462;12.32;40;11.038462;0;0;1;0;0;0;0;0;1
3159;0;1;0;0;1;41;15;0;1;0;0;0;0;0;0;1;0;0;0;1;0;0;58;58;57;53;62;53;58.173656;70;165;200;14;20;2;1;0;16.23077;17.5;40;4.2692308;0;0;1;0;2;0;0;1;0
2138;0;1;0;0;1;40;12;0;0;0;0;0;1;0;0;1;0;0;0;0;0;1;42;47;59;53;52;48;52.721268;74;180;230;12;16;5;1;1;20.461538;21.530001;50;.13461539;0;1;0;0;1;0;0;0;1
3615;0;1;0;0;1;40;12;0;0;0;0;0;1;0;0;1;0;0;1;0;0;0;64;53;61;59;53;52;58.173656;67;145;174;13;12;4;1;0;21.961538;14;40;11.653846;0;0;1;0;1;0;1;0;0
3999;0;1;0;0;1;38;11;0;0;0;0;0;1;0;0;0;1;0;1;0;0;0;46;47;47;32;48;39;43.724819;74;200;265;10;12;4;1;0;20.73077;9.5;40;.59615386;0;0;1;0;1;1;0;0;0
5244;0;1;0;1;0;41;16;0;0;0;1;0;0;0;0;1;0;0;0;1;0;0;58;47;50;53;49;50;50.267689;72;210;260;3;3;6;1;0;15.923077;24.639999;40;15.153846;1;0;1;0;1;0;0;1;0
5067;0;1;0;0;1;39;16;0;0;0;0;0;1;0;0;0;1;0;1;0;0;0;46;57;44;59;62;54;55.720081;72;190;187;12;14;2;1;;16.903847;44.709999;40;16.057692;0;0;1;0;0;0;0;0;1
1468;0;1;0;0;1;44;12;0;0;0;0;0;1;0;0;0;1;0;1;0;0;0;56;46;52;56;52;32;51.085548;70;130;140;12;7;3;1;0;21.634615;18.299999;40;3.0576923;1;0;1;0;1;0;0;0;1
2107;0;1;0;0;1;40;14;0;0;0;0;1;0;0;0;1;0;0;1;0;0;0;50;64;52;53;62;58;60.081997;71;230;238;12;12;1;0;0;19.134615;18.01;40;18.51923;1;1;0;0;1;0;1;0;0
1042;0;1;0;0;1;40;12;0;0;0;0;0;1;0;1;0;0;0;1;0;0;0;52;46;48;41;52;46;45.905777;69;160;180;14;14;6;1;1;8.7884617;15;50;.53846157;0;0;1;0;0;0;0;0;1
5132;0;1;0;0;1;42;10;0;0;0;0;0;0;1;0;0;1;0;1;0;0;0;54;50;51;50;40;48;51.35817;70;145;150;10;8;4;1;0;14.942307;6.75;40;.21153846;0;0;1;0;1;0;0;1;0
1867;0;1;0;0;1;39;12;0;0;0;0;1;0;0;0;1;0;0;0;1;0;0;64;61;59;59;55;35;61.990334;68;200;210;10;12;1;0;0;18.615385;20.1;44;11.961538;0;0;1;0;0;1;0;0;0
774;0;1;0;0;1;42;14;0;0;0;0;1;0;0;1;0;0;0;0;1;0;0;52;40;59;59;42;47;50.54031;66;123;150;10;12;4;1;0;12.711538;13.5;48;5.6153846;0;0;1;0;1;0;1;0;0
916;0;1;0;0;1;43;16;0;0;0;1;0;0;0;0;1;0;0;1;0;0;0;64;62;59;56;55;63;61.717712;70;175;175;14;16;2;1;0;20.211538;62.5;40;.42307693;0;0;1;0;1;0;1;0;0
3971;0;1;0;0;1;39;19;0;0;1;0;0;0;0;0;1;0;0;1;0;0;0;66;66;60;62;49;48;65.807007;74;180;220;14;11;2;1;0;8.2307692;32.689999;50;14.769231;1;1;0;0;1;0;0;0;1
2661;0;1;0;1;0;41;9;0;0;0;0;0;0;1;0;1;0;0;0;1;0;0;34;36;44;20;33;42;33.637897;65;210;240;6;8;7;0;1;18.653847;6.5;50;6.8461537;0;0;1;0;1;0;0;0;1
11911;0;1;0;0;1;42;13;0;0;0;0;0;1;0;0;1;0;0;1;0;0;0;52;54;55;50;46;50;54.629604;70;170;195;12;12;7;1;0;7.9423075;15.03;40;7.5;1;0;1;0;1;0;0;1;0
1508;0;1;0;0;1;37;14;0;0;0;0;1;0;0;0;1;0;0;0;0;0;1;56;66;60;56;62;63;64.171288;68;120;140;14;16;3;1;0;18.096153;11.21;60;4.8846154;0;0;1;0;1;0;0;0;1
2261;0;1;0;0;1;38;12;0;0;0;0;0;0;1;0;1;0;0;1;0;0;0;34;42;25;32;30;25;35.000996;68;150;200;9;8;5;0;1;9.8653851;14.5;40;9.2115383;0;0;1;0;0;0;0;0;1
2067;0;1;0;0;1;39;12;0;0;0;0;0;1;0;0;1;0;0;0;1;0;0;48;58;42;50;44;47;53.266506;70;150;185;12;12;11;1;0;20.826923;23.07;40;17.5;0;0;1;0;0;0;1;0;0
730;0;1;0;0;1;41;15;0;0;0;1;0;0;0;0;1;0;0;0;1;0;0;52;55;52;62;60;59;57.628418;72;180;180;12;12;3;1;0;17.5;36.049999;48;6.4038463;0;0;1;0;0;0;1;0;0
3168;0;1;0;0;1;44;19;0;0;0;0;0;0;0;0;1;0;0;0;1;0;0;68;65;60;59;54;39;64.443909;71;168;180;14;16;3;1;0;1.7884616;37.110001;43;1.7884616;0;1;0;0;1;0;0;0;1
1503;0;1;0;0;1;38;20;0;1;0;0;0;0;0;0;1;0;0;1;0;0;0;56;64;57;50;53;52;60.627235;70;140;180;16;18;1;1;0;8.7884617;18.629999;50;6.3846154;0;1;0;0;1;0;0;0;1
3937;0;1;1;0;0;42;12;0;0;0;0;0;1;0;0;0;1;0;1;0;0;0;34;42;37;44;48;40;41.543865;71;240;250;11;3;2;1;0;22.538462;11.77;40;5;1;1;0;0;1;0;0;0;1
520;0;1;1;0;0;44;16;0;0;0;1;0;0;0;0;1;0;0;1;0;0;0;40;40;46;41;44;50;42.089104;71;185;225;12;8;7;1;0;20.288462;17.620001;60;.69230771;0;0;1;0;1;0;1;0;0
2113;0;1;0;0;1;39;19;1;0;0;0;0;0;0;0;1;0;0;0;1;0;0;58;66;59;62;62;62;65.534386;68;160;175;10;12;2;0;0;13.673077;48.07;44;13.673077;0;0;1;0;1;0;1;0;0
6;0;1;0;0;1;41;16;0;0;0;1;0;0;0;0;1;0;0;0;1;0;0;64;66;61;62;60;63;66.079628;65;200;190;12;12;1;1;0;19.903847;27.110001;40;9.6730766;0;1;0;0;1;0;1;0;0
210;0;1;0;0;1;39;16;0;0;0;1;0;0;0;0;1;0;0;0;1;0;0;52;47;48;53;62;57;49.72245;70;165;179;12;12;2;1;0;15.769231;17;40;.42307693;1;1;0;0;1;1;0;0;0
1631;0;1;0;0;1;40;16;0;0;0;1;0;0;0;0;1;0;0;0;1;0;0;68;65;61;59;61;57;64.71653;74;230;300;12;16;3;1;0;11.057693;25.639999;45;2.3076923;0;0;1;0;1;0;0;1;0
1237;0;1;0;0;1;43;12;0;0;0;0;0;1;0;0;0;1;0;0;0;0;1;48;45;47;44;39;45;45.905777;68;180;235;12;17;3;1;0;19.057692;10.46;43;1;0;0;1;0;1;0;0;0;1
5347;0;1;0;0;1;40;14;0;0;0;0;1;0;0;0;1;0;0;0;1;0;0;46;47;50;50;49;51;49.449833;72;195;300;13;12;2;1;;20.403847;19.23;50;19.442308;0;0;0;1;0;0;1;0;0
2774;0;1;0;0;1;45;14;0;0;0;0;0;1;0;0;1;0;0;1;0;0;0;66;61;60;53;60;42;60.627235;73;205;240;4;7;5;0;0;22.115385;21.9;40;6.0961537;0;0;1;0;0;0;0;0;1
3374;0;1;0;0;1;40;12;0;0;0;0;0;1;0;0;1;0;0;0;1;0;0;58;51;46;53;39;39;51.35817;72;165;175;12;11;5;0;0;19.057692;18.959999;58;3.5192308;1;0;1;0;1;0;1;0;0
4732;0;1;0;0;1;40;12;0;0;0;0;0;1;0;0;1;0;0;1;0;0;0;56;42;47;38;36;38;42.634342;74;270;310;12;10;5;1;0;21.365385;9.96;40;15.134615;1;1;0;0;1;0;1;0;0
5356;0;1;0;0;1;40;12;0;0;0;0;0;1;0;0;1;0;0;0;0;0;1;66;49;55;56;48;37;53.539127;68;148;178;8;9;2;1;0;19.038462;13.7;48;15.057693;1;0;1;0;0;0;1;0;0
11791;0;1;0;0;1;38;16;0;0;0;1;0;0;0;0;1;0;0;1;0;0;0;54;50;52;53;55;54;52.448647;69;140;190;12;8;2;1;0;14.596154;57.689999;50;7.9807692;0;0;1;0;1;0;1;0;0
2216;0;1;0;0;1;41;12;0;0;0;0;0;1;0;0;1;0;0;1;0;0;0;62;59;47;53;49;59;55.992702;70;190;195;14;9;2;1;0;21.711538;23.07;50;5.9423075;0;0;1;0;0;0;0;0;1
3803;0;1;0;0;1;41;18;0;0;1;0;0;0;0;0;1;0;0;0;0;0;1;62;55;60;53;62;56;57.355801;71;170;190;18;18;1;1;0;12.153846;24.51;40;3.5192308;0;1;0;0;1;1;0;0;0
5147;0;1;0;1;0;44;12;0;0;0;0;1;0;0;0;1;0;0;0;1;0;0;46;47;52;59;53;61;52.448647;75;205;238;14;6;3;1;0;22.76923;32.049999;45;24.942308;1;0;1;0;1;0;0;1;0
2007;0;1;0;0;1;40;14;0;0;0;0;0;1;0;0;1;0;0;1;0;0;0;64;59;55;59;59;56;59.809376;70;180;238;12;12;0;0;0;17.384615;38.459999;55;4.3269229;0;0;1;0;1;0;1;0;0
11981;1;0;0;1;0;40;12;0;0;0;0;0;0;1;0;0;1;0;0;1;0;0;26;35;28;23;25;30;29.548603;66;145;198;9;0;8;1;1;11.865385;13;35;.75;0;1;0;0;1;1;0;0;0
2442;1;0;0;0;1;43;18;0;0;0;1;0;0;0;0;1;0;0;0;0;0;1;46;51;56;53;50;58;54.084366;66;135;203;13;7;0;1;0;18.134615;32.209999;40;2.0769231;0;1;0;0;1;0;1;0;0
4373;1;0;0;0;1;38;12;0;0;0;0;0;1;0;0;1;0;0;1;0;0;0;36;40;44;53;43;50;44.8153;62;124;125;12;20;2;0;0;21.23077;27.52;51;10.461538;0;0;1;0;1;0;0;1;0
1558;1;0;0;0;1;39;14;0;0;0;0;1;0;0;0;1;0;0;1;0;0;0;40;62;43;53;61;57;56.537941;66;135;185;12;14;3;1;0;14.346154;15.86;40;1.9038461;0;0;1;0;1;0;0;0;1
4274;1;0;0;1;0;42;9;0;0;0;0;0;0;1;0;0;1;0;1;0;0;0;36;42;35;38;37;35;39.362907;64;130;170;9;0;2;0;1;15.942307;8.5;40;.1923077;0;0;1;0;1;0;0;0;1
4425;1;0;0;0;1;42;18;0;0;0;1;0;0;0;1;0;0;1;0;0;0;0;60;62;61;62;62;56;63.89867;64;124;206;16;14;2;1;0;15.75;18.549999;45;7.5769229;0;0;1;0;1;0;0;1;0
293;1;0;0;0;1;43;13;0;0;0;0;0;1;0;0;1;0;0;1;0;0;0;62;66;61;56;49;54;64.443909;64;131;130;12;12;2;1;0;16.346153;10.09;40;4.3076925;0;1;0;0;0;0;0;0;1
11905;1;0;0;0;1;42;15;0;0;0;0;1;0;0;0;1;0;0;1;0;0;0;48;53;47;50;50;54;51.903408;66;190;190;8;8;4;1;1;16.711538;16.02;60;2.1346154;0;0;1;0;1;0;0;1;0
5091;1;0;0;0;1;38;20;0;0;0;1;0;0;0;0;1;0;0;1;0;0;0;38;50;43;59;57;57;51.630787;64;110;160;12;16;1;1;0;10.615385;31.15;30;5.4615383;0;0;1;0;1;0;0;0;1
2530;1;0;0;0;1;38;12;0;0;0;0;0;1;0;0;1;0;0;1;0;0;0;34;35;38;50;49;45;39.635529;65;140;140;9;12;2;0;0;8.9615383;6;35;.01923077;0;1;0;0;0;0;1;0;0
2294;1;0;0;0;1;38;16;0;0;0;1;0;0;0;0;1;0;0;1;0;0;0;52;50;50;56;47;45;52.721268;60;115;140;12;12;2;1;0;9.8076925;8.6499996;38;1.8076923;0;1;0;0;0;0;0;0;1
1356;1;0;0;0;1;39;16;0;0;0;1;0;0;0;0;1;0;0;1;0;0;0;56;58;60;56;62;57;59.809376;67;125;135;12;16;0;1;;16.692308;9.3999996;40;6.8653846;1;0;1;0;1;0;0;0;1
2140;1;0;0;0;1;39;12;0;0;0;0;0;1;0;0;1;0;0;1;0;0;0;44;49;43;41;62;59;46.178398;67;155;223;12;12;3;1;0;20.5;15.47;42;9.4423075;0;0;1;0;0;0;0;0;1
11854;1;0;1;0;0;42;16;0;0;0;1;0;0;0;0;1;0;0;1;0;0;0;48;54;57;53;62;57;55.992702;68;160;220;12;16;4;1;0;18.807692;26.33;46;15.442307;1;1;0;0;0;0;0;0;1
11794;1;0;0;0;1;39;12;0;0;0;0;0;0;1;0;0;1;0;1;0;0;0;32;43;41;41;38;39;42.361725;67;130;127;10;6;4;0;0;21.076923;20.190001;40;11.576923;0;0;1;0;0;0;0;0;1
3735;1;0;0;0;1;37;12;0;0;0;0;0;1;0;0;1;0;0;0;1;0;0;44;50;47;56;52;47;51.903408;66;130;125;12;12;2;0;0;19.884615;23.93;45;18;0;0;1;0;1;0;1;0;0
197;1;0;0;0;1;39;12;0;0;0;0;0;1;0;0;0;1;0;0;1;0;0;44;40;37;35;53;52;37.999809;62;108;128;11;12;3;1;0;11;8;40;1.0769231;0;0;1;0;1;0;0;0;1
834;1;0;1;0;0;42;12;0;0;0;0;0;1;0;0;0;1;0;1;0;0;0;32;35;35;50;53;52;38.817669;62;167;187;12;12;8;1;;12.269231;9.3699999;40;4.0961537;0;1;0;0;1;0;1;0;0
1366;1;0;0;0;1;44;12;0;0;0;0;0;1;0;0;1;0;0;0;1;0;0;42;45;56;47;54;54;49.177212;64;180;220;12;16;7;1;0;23.461538;10.46;40;1.0192307;0;1;0;0;1;0;0;0;1
533;1;0;0;0;1;42;14;0;0;0;0;0;1;0;0;1;0;0;1;0;0;0;50;47;55;62;52;56;54.084366;59;129;163;12;12;3;1;0;12.692307;10.46;40;.096153848;0;1;0;0;1;0;1;0;0
2046;1;0;0;0;1;37;12;0;0;0;0;0;1;0;0;0;1;0;0;1;0;0;38;39;37;32;43;47;36.636711;62;135;155;13;12;4;1;1;11.692307;11.22;40;4.4423075;0;0;1;0;1;0;1;0;0
527;1;0;0;0;1;44;13;0;0;0;0;0;1;0;0;0;1;0;1;0;0;0;56;54;60;59;61;37;58.446278;63;120;125;13;20;2;1;0;22.826923;17.940001;45;6.1538463;0;0;1;0;1;0;1;0;0
2104;1;0;0;0;1;45;12;0;0;0;0;0;1;0;0;1;0;0;0;0;0;1;52;58;59;53;62;49;58.718899;64;165;225;12;12;1;1;0;19.326923;16.58;45;10.038462;0;0;1;0;0;0;1;0;0
2165;1;0;0;0;1;42;12;0;0;0;0;0;1;0;0;1;0;0;1;0;0;0;50;38;51;53;39;44;45.63316;64;145;212;12;14;1;1;0;11.980769;7.5;40;.26923078;0;0;1;0;0;0;0;0;1
619;1;0;0;0;1;44;12;0;0;0;0;0;0;1;0;0;1;0;0;1;0;0;52;46;57;56;46;48;52.448647;62;107;120;10;12;5;1;0;14.173077;15.14;40;6.25;0;1;0;0;1;0;1;0;0
21;1;0;0;0;1;40;16;0;0;0;1;0;0;0;0;1;0;0;0;1;0;0;48;65;59;56;62;61;63.353432;62;138;160;12;18;2;1;0;18.038462;38.459999;45;2.0192308;0;0;1;0;1;1;0;0;0
3574;1;0;0;0;1;37;12;0;0;0;0;1;0;0;0;1;0;0;1;0;0;0;58;65;61;59;62;71;64.71653;69;180;240;11;8;1;1;0;18.76923;20.190001;40;17.23077;0;0;1;0;1;0;1;0;0
1662;1;0;0;0;1;39;12;0;0;0;0;0;1;0;0;0;1;0;0;1;0;0;48;46;56;59;59;48;52.993885;66;140;150;12;12;7;1;0;14.538462;6.25;28;3.3461537;1;1;0;0;1;0;0;1;0
4551;1;0;0;0;1;40;13;0;0;0;0;0;1;0;0;1;0;0;0;1;0;0;40;47;48;50;47;50;48.904594;61;109;110;12;7;3;1;0;19.115385;12.82;30;19.942308;1;1;0;0;2;0;0;1;0
2211;1;0;1;0;0;41;12;0;0;0;0;0;1;0;1;0;0;1;0;0;0;0;38;39;35;47;48;56;40.180767;68;169;225;11;12;5;1;1;22.98077;10.79;48;21.153847;1;0;1;0;1;0;0;0;1
3754;1;0;0;0;1;40;12;0;0;0;0;0;1;0;0;0;1;0;1;0;0;0;50;61;57;56;58;60;60.627235;61;126;145;9;8;3;1;0;21.615385;14.75;40;2.5384614;0;0;1;0;1;0;1;0;0
192;1;0;0;0;1;39;16;0;0;0;1;0;0;0;0;1;0;0;0;1;0;0;54;53;56;53;56;50;55.174843;61;110;125;12;12;1;1;0;12.961538;33.330002;15;.82692307;0;0;1;0;1;1;0;0;0
2112;1;0;0;0;1;44;12;0;0;0;0;0;1;0;0;1;0;0;0;1;0;0;52;57;61;59;62;64;60.354614;65;135;150;12;12;5;1;0;15.519231;12;42;10.423077;0;0;1;0;0;0;1;0;0
721;1;0;0;0;1;39;13;0;0;0;0;0;1;0;0;0;1;0;0;0;0;1;42;43;43;32;41;38;40.453384;62;103;105;8;6;4;0;0;19.076923;8;40;1.5;0;0;1;0;1;0;0;0;1
1114;1;0;0;1;0;41;12;0;0;0;0;0;1;0;0;1;0;0;0;1;0;0;38;47;47;44;43;44;46.996254;64;183;192;9;12;0;1;0;21.711538;16.15;50;3.5769231;0;0;1;0;1;0;0;0;1
2911;1;0;0;1;0;41;12;0;0;0;0;0;1;0;0;0;1;0;0;1;0;0;30;38;30;32;35;51;34.183136;62;107;124;10;12;3;1;1;15.403846;8.3299999;15;9.9038458;0;0;1;0;1;1;0;0;0
3109;1;0;0;0;1;40;18;0;0;1;0;0;0;0;0;1;0;0;0;1;0;0;60;64;61;62;59;55;64.989151;63;105;115;12;16;3;1;0;13.826923;23.309999;40;5.75;0;1;0;0;1;1;0;0;0
11851;1;0;0;0;1;43;14;0;0;0;0;0;1;0;1;0;0;0;1;0;0;0;54;51;56;62;53;57;56.537941;61;102;110;12;14;3;1;0;21.26923;34.18;45;17.384615;0;0;1;0;1;0;0;0;1
1847;1;0;0;1;0;42;14;0;0;0;0;0;0;1;0;0;1;0;0;1;0;0;52;53;57;59;61;55;57.083179;66;115;155;12;10;3;1;0;18.942308;23.639999;47;14.538462;0;1;0;0;1;0;0;1;0
887;1;0;0;0;1;41;18;0;0;1;0;0;0;0;0;1;0;0;0;1;0;0;56;39;56;56;51;50;48.359352;63;140;170;14;16;5;1;0;12.480769;17.299999;50;17.865385;1;1;0;0;1;0;1;0;0
5508;1;0;0;0;1;42;12;0;0;0;0;0;1;0;0;1;0;0;1;0;0;0;50;40;38;47;61;65;41.543865;66;125;145;12;11;2;1;0;23.038462;12.12;45;3.4230769;0;0;1;0;0;0;0;0;1
1240;1;0;0;0;1;38;18;0;0;1;0;0;0;0;0;1;0;0;0;0;0;1;62;61;57;50;53;50;58.991516;69;185;200;12;12;1;1;0;9.8846149;21.15;40;1.5384616;0;0;1;0;0;0;0;0;1
3337;1;0;0;0;1;40;18;0;0;1;0;0;0;0;0;1;0;0;0;0;0;1;52;64;57;59;61;56;63.080811;68;128;135;12;8;3;1;0;15.615385;31.01;38;3.4807692;1;1;0;0;0;0;1;0;0
11958;1;0;0;0;1;38;12;0;0;0;0;0;0;0;0;1;0;0;0;1;0;0;48;42;42;50;47;47;44.542679;63;110;150;16;16;0;1;0;18.288462;34.34;35;1.0576923;0;0;1;0;1;1;0;0;0
3355;1;0;0;0;1;42;14;0;0;0;0;1;0;0;0;0;1;0;1;0;0;0;56;58;56;53;62;72;57.901039;65;132;152;11;14;2;1;0;13.615385;18.370001;45;.86538464;0;0;1;0;1;0;1;0;0
5275;1;0;0;0;1;43;12;0;0;0;0;0;0;0;0;1;0;1;0;0;0;0;42;45;50;50;53;50;48.359352;66;160;229;10;12;3;1;1;18;7.0799999;38;2.3269231;0;0;1;0;0;0;1;0;0
3091;1;0;0;0;1;37;14;0;0;0;0;0;1;0;1;0;0;0;0;0;0;1;48;47;44;41;62;54;45.360538;64;140;155;10;12;1;0;0;16.73077;12.5;45;9.2307692;0;1;0;0;2;1;0;0;0
1571;1;0;0;0;1;39;15;0;0;0;0;1;0;0;0;0;1;0;0;1;0;0;52;46;61;59;47;56;54.356983;68;120;138;12;16;4;1;0;17.26923;15.54;40;5.0961537;0;1;0;0;1;0;0;1;0
3802;1;0;0;0;1;43;13;0;0;0;0;0;0;0;0;0;1;0;1;0;0;0;44;62;56;59;44;49;61.717712;65;120;120;14;13;3;1;;20.423077;10.5;40;.17307693;0;1;0;0;1;0;1;0;0
4152;1;0;0;0;1;44;13;0;0;0;0;0;1;0;0;1;0;0;1;0;0;0;54;50;59;53;53;54;54.356983;65;116;120;12;14;2;1;0;19.98077;13.5;44;2.8269231;0;1;0;0;1;0;0;0;1
1967;1;0;0;0;1;39;16;0;0;0;1;0;0;0;1;0;0;0;1;0;0;0;38;50;48;59;42;51;52.993885;60;140;150;17;14;3;1;0;16.692308;18.5;40;13.653846;1;1;0;0;1;0;0;0;1
5055;1;0;0;0;1;40;14;0;0;0;0;1;0;0;1;0;0;0;1;0;0;0;48;45;47;56;54;65;49.177212;62;118;120;12;13;2;1;1;19.307692;10.48;55;1.5192307;0;0;1;0;1;0;0;0;1
1902;1;0;0;0;1;38;12;0;0;0;0;0;1;0;0;1;0;0;0;1;0;0;48;50;50;50;53;45;51.085548;68;175;320;12;12;4;1;0;20.134615;16.84;40;18.846153;0;0;1;0;0;1;0;0;0
1885;1;0;0;0;1;42;16;0;0;0;1;0;0;0;0;1;0;0;1;0;0;0;52;49;57;56;55;54;54.084366;64;120;135;12;12;2;0;0;13.557693;17.620001;24;18.75;0;0;1;0;1;1;0;0;0
4934;1;0;0;0;1;41;12;0;0;0;0;0;1;0;0;0;1;0;0;0;0;1;48;42;41;41;40;47;41.816483;62;182;165;6;8;2;0;0;19.76923;6.75;40;4;0;0;1;0;0;0;0;0;1
11850;1;0;0;0;1;39;8;0;0;0;0;0;0;1;0;0;1;0;1;0;0;0;42;38;42;44;38;46;40.726006;62;155;190;12;6;5;0;0;18.346153;9.6999998;55;10.846154;0;0;1;0;1;0;0;0;1
3094;1;0;0;0;1;43;12;0;0;0;0;0;1;0;0;1;0;0;0;1;0;0;38;36;46;50;41;47;42.361725;62;130;160;8;11;1;0;0;7.4038463;6.25;40;5.6923075;0;0;1;0;1;1;0;0;0
3719;1;0;0;0;1;44;12;0;0;0;0;0;1;0;0;1;0;0;1;0;0;0;44;45;48;41;42;45;45.360538;69;145;132;12;9;2;1;1;18.615385;7.9000001;40;3.7884614;0;0;1;0;1;0;0;1;0
3458;1;0;0;0;1;40;14;0;0;0;0;1;0;0;0;1;0;0;0;1;0;0;38;40;42;50;46;54;43.452202;63;105;110;14;12;4;1;0;16.884615;14.3;38;20.673077;1;1;0;0;1;0;1;0;0
3242;1;0;0;0;1;40;12;0;0;0;0;1;0;0;0;1;0;0;1;0;0;0;42;50;55;53;59;56;53.266506;63;119;140;12;14;2;1;0;18.865385;14.75;17;11.961538;0;0;1;0;0;1;0;0;0
3321;1;0;0;0;1;37;10;0;0;0;0;0;0;1;0;1;0;0;1;0;0;0;26;40;25;26;29;36;32.274799;63;130;145;9;6;7;1;0;15.538462;12.35;48;6.6730771;1;0;1;0;1;0;1;0;0
3343;1;0;0;0;1;38;10;0;0;0;0;0;0;1;0;1;0;0;0;1;0;0;34;40;43;44;47;54;42.089104;65;135;134;10;10;1;1;0;20.884615;9;30;1.0384616;0;0;1;0;1;0;1;0;0
4488;1;0;0;0;1;38;13;0;0;0;0;0;1;0;1;0;0;0;0;1;0;0;50;59;59;62;60;55;61.717712;65;115;140;8;11;2;1;0;17.576923;36.110001;45;3.6153846;0;0;1;0;1;0;0;1;0
5712;1;0;0;0;1;40;12;0;0;0;0;0;1;0;0;1;0;1;0;0;0;0;58;55;61;59;42;48;59.264137;67;142;270;12;11;1;0;0;18.923077;12;40;13.423077;0;0;1;0;0;0;0;1;0
972;1;0;0;0;1;38;12;0;0;0;0;0;1;0;1;0;0;0;0;1;0;0;56;46;55;53;48;51;51.085548;65;118;169;12;12;4;1;0;19.288462;15.38;40;.59615386;0;0;1;0;1;0;1;0;0
3444;1;0;0;0;1;43;12;0;0;0;0;0;1;0;0;1;0;0;1;0;0;0;46;36;44;47;58;60;40.998627;68;200;200;10;8;2;1;0;19.096153;6.1399999;40;.32692307;0;0;1;0;1;0;1;0;0
4803;1;0;0;0;1;38;13;0;0;0;0;0;1;0;0;1;0;0;0;1;0;0;48;62;56;53;62;59;60.081997;66;165;240;12;12;2;0;0;18.788462;6;40;6.1346154;0;1;0;0;0;0;1;0;0
5421;1;0;0;0;1;41;12;0;0;0;0;0;1;0;0;1;0;0;0;1;0;0;54;58;57;56;61;61;58.991516;62;115;120;12;10;9;0;0;13.980769;5.4899998;35;4.9038463;0;1;0;0;0;0;1;0;0
2529;1;0;0;0;1;39;12;0;0;0;0;0;1;0;0;1;0;0;1;0;0;0;44;45;37;44;53;45;43.179581;65;135;130;9;12;2;0;0;9.7307692;7;35;.57692307;0;0;1;0;0;0;1;0;0
2190;1;0;0;0;1;42;13;0;0;0;0;0;1;0;0;1;0;0;1;0;0;0;48;39;47;53;59;65;45.087917;65;160;190;11;10;3;1;0;20.307692;10.25;30;7.1153846;0;1;0;0;0;0;0;0;1
4280;1;0;0;0;1;43;16;0;0;0;1;0;0;0;0;1;0;0;1;0;0;0;64;66;61;59;55;59;65.261765;64;110;125;11;12;1;0;0;16.807692;21.15;40;18.134615;1;1;0;0;0;0;0;0;1
1286;1;0;1;0;0;41;16;0;0;0;1;0;0;0;0;0;1;0;1;0;0;0;38;35;44;32;36;50;36.364094;64;140;180;12;12;2;1;0;14.326923;12.92;40;22.038462;0;1;0;0;1;0;0;0;1
5063;1;0;0;0;1;39;12;0;0;0;0;0;1;0;0;1;0;0;1;0;0;0;38;50;46;44;42;52;48.359352;63;165;200;12;12;1;1;;17.711538;9.8800001;20;11.442307;1;1;0;0;0;0;0;0;1
1592;1;0;0;0;1;37;12;0;0;0;0;0;0;1;0;1;0;0;0;1;0;0;46;45;38;44;47;54;43.452202;64;158;175;11;11;3;0;0;15.711538;6.75;40;.11538462;0;0;1;0;0;0;0;1;0
5327;1;0;0;0;1;42;12;0;0;0;0;0;1;0;0;1;0;0;1;0;0;0;44;59;55;53;46;51;58.173656;65;160;185;12;9;1;1;0;9.8076925;8.5500002;40;3.3846154;0;0;1;0;0;0;1;0;0
2775;1;0;0;0;1;42;12;0;0;0;0;0;0;0;0;1;0;0;1;0;0;0;56;57;57;56;59;37;58.446278;64;122;180;5;8;5;0;0;17.48077;14.5;40;1.2115384;0;1;0;0;0;0;0;0;1
5626;1;0;0;0;1;37;12;0;0;0;0;0;1;0;0;1;0;0;1;0;0;0;46;49;34;56;40;42;47.814114;61;127;140;12;12;5;1;0;18.76923;31.389999;40;7.9615383;0;0;1;0;0;0;0;0;1
3285;1;0;0;1;0;40;12;0;0;0;0;0;1;0;1;0;0;0;0;1;0;0;48;43;39;32;37;45;39.362907;59;138;137;16;10;0;1;0;20.038462;15;38;11.442307;0;0;1;0;1;1;0;0;0
1130;1;0;0;1;0;42;12;0;0;0;0;0;1;0;0;1;0;0;0;1;0;0;58;43;60;56;40;48;51.630787;62;135;149;8;9;3;1;0;14.596154;18.99;40;2.1153846;0;0;1;0;1;0;0;0;1
1490;1;0;1;0;0;39;12;0;0;0;0;0;1;0;0;0;1;0;1;0;0;0;44;35;38;38;51;40;36.364094;61;137;172;10;11;3;0;0;17.346153;13.42;42;3.7307692;1;1;0;0;0;0;0;0;1
487;1;0;0;0;1;41;14;0;0;0;0;0;1;0;0;1;0;0;0;1;0;0;50;57;48;53;52;59;55.174843;67;128;130;14;13;4;1;0;18.76923;19.719999;39;3.5;0;0;1;0;1;0;1;0;0
5372;1;0;0;0;1;43;16;0;0;0;1;0;0;0;0;1;0;0;1;0;0;0;56;65;61;56;52;59;63.89867;69;130;140;16;16;3;1;0;14.673077;7.6900001;25;4.5;0;1;0;0;1;0;1;0;0
1178;1;0;0;0;1;39;17;0;0;0;1;0;0;0;0;1;0;0;1;0;0;0;42;59;51;53;55;52;57.083179;64;125;135;12;12;2;1;;17.192308;13.84;50;11.923077;0;1;0;0;1;0;0;0;1
2573;1;0;0;0;1;44;17;0;0;1;0;0;0;0;0;1;0;0;1;0;0;0;52;62;57;62;62;66;62.808189;66;140;200;12;12;2;1;0;19.307692;9.2799997;60;9.8076925;1;1;0;0;1;0;1;0;0
2959;1;0;0;0;1;39;20;1;0;0;0;0;0;0;0;1;0;0;0;1;0;0;66;64;39;59;62;72;58.173656;65;115;125;14;18;2;1;0;13;80.120003;24;9.0769234;0;0;1;0;1;1;0;0;0
3156;1;0;0;0;1;40;19;0;0;0;1;0;0;0;0;1;0;0;0;0;1;0;64;58;57;56;62;63;58.991516;61;100;115;16;17;1;1;0;10.730769;9.5;28;.59615386;0;0;1;0;1;1;0;0;0
5272;1;0;0;0;1;40;12;0;0;0;0;0;1;0;0;1;0;0;1;0;0;0;42;45;48;38;62;69;44.542679;68;130;170;12;12;1;1;0;15.807693;8.8000002;40;1.1923077;0;0;1;0;0;0;1;0;0
2585;1;0;0;0;1;42;13;0;0;0;0;0;1;0;1;0;0;0;1;0;0;0;48;47;55;53;53;57;51.630787;62;155;230;10;8;3;0;0;19.73077;14;40;6.1923075;0;1;0;0;1;0;0;0;1
4971;1;0;0;1;0;38;13;0;0;0;0;0;1;0;0;0;1;0;0;1;0;0;36;35;39;35;35;47;35.818851;66;130;158;8;11;2;1;0;13.673077;10.56;50;6.4038463;1;1;0;0;0;0;0;0;1
12104;1;0;0;0;1;45;15;0;0;0;0;1;0;0;0;1;0;0;0;0;0;1;58;59;60;62;37;59;61.990334;65;160;130;13;16;3;0;0;15.903846;16.32;37;3.7884614;1;1;0;0;0;0;0;1;0
2473;1;0;0;0;1;37;12;0;0;0;0;0;1;0;0;0;1;0;1;0;0;0;52;58;59;62;53;55;61.172474;68;135;175;12;12;3;1;0;19.076923;17.25;40;8.7692308;0;0;1;0;1;0;1;0;0
4049;1;0;0;0;1;42;12;0;0;0;0;0;0;1;0;1;0;0;0;1;0;0;44;45;51;56;58;56;50.267689;61;110;115;12;8;5;1;0;15.942307;16.75;50;2.0384614;0;0;1;0;1;0;0;0;1
3057;1;0;0;0;1;43;12;0;0;0;0;0;1;0;0;1;0;0;1;0;0;0;50;35;50;56;44;52;44.542679;62;110;115;12;9;3;1;1;11.826923;7.75;50;3;0;0;1;0;0;0;1;0;0
12005;1;0;1;0;0;40;15;0;0;0;0;0;1;0;1;0;0;0;1;0;0;0;42;39;55;47;53;50;45.63316;62;150;170;10;8;2;1;1;16.634615;16;45;4.0384617;0;0;1;0;1;1;0;0;0
2237;1;0;0;0;1;41;18;0;0;1;0;0;0;0;0;1;0;1;0;0;0;0;54;62;57;62;53;69;62.808189;67;140;184;12;19;2;1;0;18.653847;12.75;60;9;1;1;0;0;1;0;0;0;1
439;1;0;0;0;1;41;16;0;0;0;1;0;0;0;0;1;0;0;0;0;0;1;56;58;56;59;60;66;59.536755;65;125;175;12;8;2;0;0;17.884615;25.1;36;17.307692;0;0;1;0;0;1;0;0;0
276;1;0;0;0;1;40;12;0;0;0;0;0;1;0;0;1;0;0;0;1;0;0;40;50;50;56;47;44;52.721268;64;108;112;12;13;1;1;0;22.365385;10.75;40;5.6153846;0;0;1;0;1;1;0;0;0
1863;1;0;0;0;1;43;12;0;0;0;0;0;1;0;0;1;0;0;0;1;0;0;42;53;56;62;60;67;57.628418;68;155;220;12;12;6;1;0;14.865385;7.75;12;8.6346149;0;0;1;0;0;1;0;0;0
4815;1;0;0;0;1;42;14;0;0;0;0;1;0;0;0;1;0;0;0;1;0;0;54;59;59;62;62;56;61.717712;60;110;110;12;8;6;1;0;19.057692;20;20;15.442307;0;1;0;0;1;0;1;0;0
3096;1;0;0;0;1;43;13;0;0;0;0;0;1;0;0;1;0;0;0;1;0;0;50;53;57;56;61;60;56.26532;63;106;112;12;10;3;1;0;6.4038463;10;24;4.3653846;0;0;1;0;1;0;1;0;0
703;1;0;0;0;1;40;12;0;0;0;0;0;0;1;0;0;1;0;1;0;0;0;48;50;50;47;61;54;50.267689;68;145;148;9;9;5;1;0;12.038462;11.14;40;.90384614;1;0;1;0;1;0;1;0;0
4499;1;0;0;0;1;38;14;0;0;0;0;1;0;0;0;0;1;0;1;0;0;0;52;50;44;47;41;54;48.631973;67;150;165;9;12;4;1;1;15.730769;21.65;50;5.5576925;0;0;1;0;1;0;0;0;1
3897;1;0;0;0;1;41;17;0;0;0;1;0;0;0;0;0;1;0;0;1;0;0;42;47;51;53;61;68;50.54031;67;150;137;15;16;3;1;0;17.557692;48.07;40;8.8076925;0;0;1;0;1;0;1;0;0
4589;1;0;0;0;1;42;12;0;0;0;0;0;1;0;0;1;0;0;1;0;0;0;46;43;54;53;59;54;49.177212;66;145;145;12;12;3;0;0;15.230769;13.66;40;7.9615383;0;0;1;0;1;0;0;1;0
4093;1;0;0;0;1;39;18;0;0;0;1;0;0;0;0;0;1;0;1;0;0;0;50;62;48;59;49;52;59.536755;62;99;87;12;12;3;0;0;10.519231;23;60;12.423077;0;1;0;0;0;0;0;0;1
1495;1;0;0;0;1;44;12;0;0;0;0;0;1;0;0;1;0;0;0;0;0;1;44;40;47;50;50;49;44.8153;60;135;150;9;5;3;0;0;20.865385;8.3000002;37;.23076923;0;0;1;0;1;0;0;0;1
3964;1;0;0;0;1;44;16;0;0;0;1;0;0;0;0;1;0;0;1;0;0;0;52;58;59;59;59;63;60.354614;63;116;150;11;6;2;1;0;16.173077;13;20;2.1346154;0;1;0;0;1;0;0;0;1
4876;1;0;0;0;1;41;12;0;0;0;0;0;1;0;0;1;0;0;0;1;0;0;50;55;48;62;53;51;56.537941;65;140;180;12;12;3;1;0;14.980769;8.8800001;40;3.7884614;0;1;0;0;0;0;1;0;0
437;1;0;0;0;1;45;12;0;0;0;0;0;1;0;0;1;0;0;1;0;0;0;46;51;54;62;54;54;55.992702;64;151;205;8;10;5;1;0;22.461538;9.25;40;24.692308;0;0;1;0;1;1;0;0;0
1868;1;0;0;0;1;44;13;0;0;0;0;1;0;0;0;1;0;0;0;1;0;0;46;42;52;53;53;55;48.086735;66;125;135;12;12;4;0;0;16.307692;11;40;11.980769;0;0;1;0;1;1;0;0;0
2748;1;0;0;0;1;45;12;0;0;0;0;0;1;0;0;1;0;0;1;0;0;0;34;36;34;26;27;47;32.547417;66;136;138;7;11;2;0;0;22.711538;17.780001;40;23.98077;0;0;1;0;0;0;0;0;1
449;1;0;0;0;1;42;12;0;0;0;0;0;1;0;0;1;0;0;0;0;0;1;54;51;55;56;61;51;54.629604;62;125;180;12;12;4;1;0;23.057692;12;28;3.7307692;0;0;1;0;1;1;0;0;0
2088;1;0;0;0;1;40;14;0;0;0;0;1;0;0;0;1;0;0;0;1;0;0;34;57;51;50;62;59;55.174843;63;95;115;12;12;6;1;0;18.942308;13;40;2.9423077;0;1;0;0;0;0;1;0;0
91;1;0;0;0;1;38;16;0;0;0;1;0;0;0;0;1;0;0;0;1;0;0;32;31;39;41;61;59;35.273613;67;136;145;5;3;2;1;0;12.384615;26.440001;40;10;0;0;1;0;1;1;0;0;0
4655;1;0;0;0;1;39;14;0;0;0;0;0;1;0;0;0;1;0;0;1;0;0;48;54;47;44;62;63;50.812931;64;124;128;11;11;3;1;1;18.846153;25.41;35;18.134615;0;1;0;0;1;1;0;0;0
2230;1;0;0;0;1;37;16;0;0;0;1;0;0;0;0;1;0;0;1;0;0;0;56;57;56;56;62;55;58.173656;65;150;170;12;12;2;1;0;16.48077;21.780001;32;21.903847;0;0;1;0;0;0;0;0;1
4981;1;0;0;1;0;38;14;0;0;0;0;1;0;0;0;1;0;0;0;1;0;0;28;43;34;44;51;51;41.271244;60;115;163;7;7;4;0;1;16.788462;12.3;50;5.8269229;0;0;0;1;1;0;0;0;1
4880;1;0;0;0;1;42;14;0;0;0;0;1;0;0;0;1;0;0;1;0;0;0;52;51;56;44;52;64;51.630787;68;117;156;12;9;2;1;0;23.326923;14.03;35;14.403846;1;1;0;0;0;0;1;0;0
2672;1;0;0;1;0;43;12;0;0;0;0;0;1;0;0;1;0;0;0;1;0;0;44;38;43;47;48;55;41.816483;61;143;185;11;11;3;1;0;20.98077;4.8000002;40;5.9615383;0;1;0;0;1;0;0;0;1
3669;1;0;0;0;1;40;16;0;0;0;1;0;0;0;0;1;0;0;0;1;0;0;56;64;59;56;62;59;62.808189;63;116;115;14;17;3;1;0;13.653846;15;15;.61538464;0;1;0;0;1;0;1;0;0
4618;1;0;0;0;1;41;12;0;0;0;0;0;0;1;0;0;1;0;0;1;0;0;38;35;42;32;41;47;35.818851;65;127;152;16;10;3;1;;13.730769;18.75;40;1.2692307;0;0;1;0;1;0;0;1;0
744;1;0;1;0;0;42;14;0;0;0;0;0;1;0;0;1;0;0;1;0;0;0;36;35;29;20;36;35;29.003365;66;142;150;12;12;2;1;1;15.423077;12.45;40;17.26923;1;0;1;0;1;0;1;0;0
2828;1;0;0;0;1;41;10;0;0;0;0;0;0;1;0;0;1;0;0;1;0;0;38;43;43;35;50;43;41.271244;59;95;120;1;1;3;0;0;11.423077;7.1399999;35;5.8269229;0;0;1;0;1;1;0;0;0
4544;1;0;0;1;0;38;12;0;0;0;0;0;1;0;0;1;0;0;0;1;0;0;42;32;30;32;41;47;30.911701;59;125;136;7;11;3;1;1;8.25;5.7600002;20;2.0192308;0;1;0;0;0;0;0;1;0
4785;1;0;0;0;1;39;12;0;0;0;0;0;1;0;0;1;0;0;0;1;0;0;46;50;55;47;62;58;51.630787;67;150;200;9;12;8;1;;21.038462;8.25;40;.48076922;0;0;1;0;1;0;1;0;0
3790;1;0;0;0;1;42;12;0;0;0;0;0;1;0;0;0;1;0;1;0;0;0;48;45;44;53;41;43;47.541496;62;117;140;7;7;5;0;0;21.288462;9.8000002;40;1.9423077;1;0;1;0;1;0;1;0;0
4924;1;0;0;0;1;43;13;0;0;0;0;0;1;0;0;1;0;0;1;0;0;0;54;46;55;53;55;61;51.085548;66;114;141;14;12;2;0;0;22.634615;8.5600004;41;7.3653846;0;0;1;0;0;1;0;0;0
3317;1;0;1;0;0;41;12;0;0;0;0;0;1;0;0;0;1;0;1;0;0;0;32;34;22;35;49;35;30.639082;62;118;160;13;12;5;0;0;9.9230766;9.3000002;60;2.0576923;0;1;0;0;1;0;1;0;0
4763;1;0;0;0;1;44;15;0;0;0;0;1;0;0;0;0;1;0;1;0;0;0;52;40;52;56;54;57;47.814114;66;110;160;12;6;1;1;0;14.211538;23.25;40;13.211538;1;1;0;0;0;0;1;0;0
622;1;0;1;0;0;38;15;0;0;0;0;0;1;0;0;1;0;0;1;0;0;0;34;47;43;56;52;41;49.177212;64;128;195;13;13;2;1;1;15.096154;15.38;40;9.2307692;0;0;1;0;1;0;1;0;0
11866;1;0;0;0;1;42;18;0;0;0;1;0;0;0;0;1;0;1;0;0;0;0;50;50;50;56;61;51;52.721268;66;130;130;12;12;3;1;0;13.019231;12.55;49;3.4230769;0;1;0;0;1;0;0;1;0
1361;1;0;0;0;1;38;8;0;0;0;0;0;0;1;0;0;1;0;1;0;0;0;34;46;39;35;44;43;41.816483;60;87;105;10;10;1;0;0;7.7115383;7.5;60;.51923078;0;0;1;0;0;0;0;0;1
3134;1;0;0;0;1;43;12;0;0;0;0;0;1;0;1;0;0;1;0;0;0;0;50;36;54;41;53;55;42.089104;65;125;130;12;12;3;1;0;21.576923;11.64;40;4.5192308;0;0;1;0;1;1;0;0;0
5702;1;0;0;0;1;44;13;0;0;0;0;0;1;0;0;0;1;0;1;0;0;0;56;53;60;53;44;51;56.26532;69;125;148;12;11;6;1;0;16.5;10.25;40;5.4423075;0;0;1;0;1;0;1;0;0
290;1;0;0;1;0;42;10;0;0;0;0;0;0;1;0;1;0;0;0;1;0;0;38;38;30;38;37;49;35.818851;64;149;175;6;7;11;1;0;12.538462;7.8000002;32;6.8461537;0;0;1;0;1;1;0;0;0
4107;1;0;0;0;1;40;19;0;0;1;0;0;0;0;0;0;1;1;0;0;0;0;64;66;60;59;55;58;64.989151;61;105;140;16;17;1;1;0;3.9230769;18;45;1.9038461;1;1;0;0;0;0;0;0;1
11868;1;0;0;0;1;37;16;0;0;0;1;0;0;0;0;1;0;0;1;0;0;0;48;49;44;53;61;56;49.72245;68;130;168;13;12;1;1;0;15.692307;33.459999;50;13.461538;0;0;1;0;1;0;0;1;0
5485;1;0;1;0;0;37;16;0;0;0;1;0;0;0;0;0;1;0;1;0;0;0;46;35;47;38;42;47;38.817669;65;147;230;12;11;5;0;1;10.211538;9.1300001;40;11.134615;1;1;0;0;0;0;0;0;1
3023;1;0;0;0;1;40;12;0;0;0;0;0;1;0;0;1;0;0;1;0;0;0;42;46;50;47;54;57;48.086735;67;130;170;12;12;3;1;0;21.48077;18;16;6.7115383;0;0;1;0;1;0;1;0;0
1733;1;0;0;0;1;40;16;0;0;0;1;0;0;0;0;1;0;1;0;0;0;0;48;59;50;62;61;57;59.264137;66;110;128;17;12;4;1;0;16.923077;25.17;55;11.519231;0;0;1;0;1;0;0;1;0
5687;1;0;0;0;1;39;12;0;0;0;0;0;1;0;0;1;0;0;0;1;0;0;48;42;50;44;53;56;45.087917;65;154;214;8;8;9;0;1;4.1346154;9;20;.07692308;0;0;1;0;1;0;0;1;0
4841;1;0;0;0;1;39;15;0;0;0;0;1;0;0;0;1;0;0;1;0;0;0;62;57;55;47;61;61;55.447464;66;160;160;12;13;2;0;0;14.461538;39.720001;48;2.7692308;0;1;0;0;1;0;0;0;1
3364;1;0;0;0;1;42;14;0;0;0;0;0;1;0;0;1;0;0;0;1;0;0;56;55;61;59;62;62;59.264137;65;160;155;12;14;4;0;0;19.461538;16.25;40;7.2307692;0;0;1;0;1;0;0;0;1
5121;1;0;0;0;1;43;12;0;0;0;0;0;0;0;0;0;1;0;1;0;0;0;54;61;54;59;62;59;60.627235;65;115;170;13;12;1;1;0;21.846153;21;45;7.6346154;0;0;1;0;1;0;0;0;1
4576;1;0;0;0;1;41;18;0;0;0;1;0;0;0;1;0;0;0;0;1;0;0;44;49;43;47;53;51;47.814114;62;230;250;15;12;2;0;0;9.8846149;10.52;30;5.6538463;0;1;0;0;1;0;0;1;0
11871;1;0;0;0;1;39;15;0;0;0;0;0;1;0;1;0;0;0;1;0;0;0;56;61;54;59;51;51;60.627235;60;100;125;12;12;3;1;0;14.096154;9.25;44;.17307693;0;0;1;0;2;0;1;0;0
3775;1;0;0;0;1;41;16;0;0;0;1;0;0;0;0;1;0;1;0;0;0;0;52;57;59;53;54;60;58.173656;63;112;145;12;8;2;1;0;14.307693;23;44;13.038462;0;0;1;0;1;0;1;0;0
912;1;0;0;0;1;44;16;0;0;0;1;0;0;0;0;1;0;0;1;0;0;0;64;65;60;56;62;65;63.626049;64;129;135;12;10;2;1;0;19.26923;10.41;60;2.8846154;1;1;0;0;1;0;1;0;0
1751;1;0;0;1;0;41;12;0;0;0;0;0;0;1;0;0;1;0;0;1;0;0;44;35;35;32;49;49;33.910515;61;145;195;10;15;3;0;1;15.557693;16;40;.44230768;0;0;1;0;1;0;0;1;0
3496;1;0;0;0;1;42;14;0;0;0;0;1;0;0;0;1;0;0;0;1;0;0;40;53;56;59;62;65;56.810562;63;125;130;11;5;4;1;0;18.884615;11.72;38;1.6730769;0;0;1;0;0;0;1;0;0
843;1;0;0;0;1;40;12;0;0;0;0;0;1;0;0;0;1;0;1;0;0;0;48;45;48;50;47;53;47.814114;61;105;115;13;11;3;0;0;12.980769;8;30;5.3653846;0;0;1;0;1;0;0;0;1
4290;1;0;0;0;1;41;20;0;1;0;0;0;0;0;0;0;1;0;1;0;0;0;56;58;60;59;56;63;60.627235;67;141;135;12;20;3;1;0;11.173077;24.030001;40;4.0384617;0;1;0;0;0;1;0;0;0
4826;1;0;0;0;1;41;18;0;0;1;0;0;0;0;0;1;0;0;0;1;0;0;52;53;57;56;62;66;56.26532;67;118;125;12;12;2;1;0;15.211538;25.09;42;8.9038458;1;1;0;0;1;0;1;0;0
12096;1;0;0;0;1;38;15;0;0;0;0;0;1;0;0;0;1;0;1;0;0;0;56;59;55;56;55;45;58.991516;64;101;110;8;11;0;1;0;16.596153;38.459999;30;4.6346154;0;0;1;0;1;0;0;0;1
382;1;0;1;0;0;43;13;0;0;0;0;0;1;0;0;0;1;0;1;0;0;0;34;35;28;38;33;42;33.637897;60;115;126;5;10;5;1;1;16.846153;13.7;40;2.9423077;0;0;1;0;1;1;0;0;0
4988;1;0;0;0;1;41;16;0;0;0;1;0;0;0;0;1;0;0;1;0;0;0;54;58;60;53;46;49;58.991516;67;135;160;16;16;3;1;0;19.038462;32.049999;45;1.7692307;0;0;1;0;1;1;0;0;0
5351;1;0;0;0;1;38;18;0;0;1;0;0;0;0;0;1;0;0;0;1;0;0;56;57;56;56;49;56;58.173656;65;115;128;12;12;3;1;0;13.192307;18.02;40;1.3076923;0;1;0;0;1;0;0;0;1
4120;1;0;0;0;1;42;13;0;0;0;0;1;0;0;0;1;0;0;0;0;0;1;48;47;44;50;53;59;47.814114;66;125;160;12;6;1;1;0;18.557692;16.75;40;1.4807693;0;0;1;0;0;0;0;0;1
5469;1;0;0;0;1;38;6;0;0;0;0;0;0;1;0;0;1;0;1;0;0;0;30;34;28;29;32;35;30.639082;64;115;120;9;8;5;0;1;10.230769;6.5;30;.36538461;0;0;1;0;0;0;0;0;1
11953;1;0;0;0;1;42;12;0;0;0;0;0;1;0;0;1;0;0;1;0;0;0;50;42;47;50;49;59;45.905777;69;250;281;7;8;4;0;0;23.076923;8.5;40;.48076922;0;1;0;0;1;0;0;0;1
1444;1;0;0;1;0;40;13;0;0;0;0;0;1;0;1;0;0;0;0;1;0;0;48;46;43;62;53;58;50.267689;62;130;190;10;11;2;1;0;18.076923;3.8800001;45;1.1346154;0;0;1;0;1;0;0;0;1
2615;1;0;0;0;1;37;12;0;0;0;0;0;1;0;0;1;0;0;1;0;0;0;58;49;59;53;51;47;53.811745;62;137;170;9;12;3;0;0;10.769231;6;25;.82692307;0;0;1;0;0;0;0;0;1
1323;1;0;0;0;1;40;17;0;0;1;0;0;0;0;0;1;0;0;1;0;0;0;46;61;55;56;42;48;60.081997;63;120;128;12;12;2;1;0;15.692307;16.620001;48;9.5961542;1;1;0;0;1;0;0;0;1
3424;1;0;0;0;1;43;14;0;0;0;0;1;0;0;0;0;1;0;1;0;0;0;58;61;60;59;62;62;62.262951;64;115;145;13;12;4;1;1;19.538462;29.059999;40;4.2884617;0;0;1;0;1;0;1;0;0
4564;1;0;1;0;0;44;16;0;0;0;1;0;0;0;0;1;0;0;0;1;0;0;58;57;56;59;62;57;58.991516;65;135;140;12;12;2;1;0;14.961538;19.6;50;3.0769231;0;1;0;0;1;0;0;1;0
5066;1;0;0;0;1;38;18;0;0;1;0;0;0;0;0;1;0;0;0;0;0;1;54;43;55;59;47;53;51.085548;63;125;190;12;12;0;1;;15.019231;6.1500001;40;9.8269234;0;1;0;0;0;0;0;0;1
4190;1;0;0;0;1;41;20;0;0;0;1;0;0;0;0;0;1;0;0;1;0;0;56;62;61;62;62;62;63.89867;67;120;135;9;12;4;1;0;9.8076925;24.120001;55;5.0384617;0;0;1;0;1;0;0;1;0
4219;1;0;0;0;1;40;14;0;0;0;0;0;1;0;0;1;0;0;1;0;0;0;52;38;47;47;52;54;42.906963;62;189;165;7;11;1;0;1;20.403847;15.78;40;19.538462;0;1;0;0;0;0;0;0;1
1727;1;0;0;0;1;38;12;0;0;0;0;0;1;0;0;1;0;0;0;1;0;0;38;43;33;41;46;51;40.180767;63;100;126;12;12;10;1;0;17.576923;38.459999;45;1.0384616;0;0;1;0;1;0;0;1;0
3243;1;0;0;0;1;44;16;0;0;0;1;0;0;0;0;0;1;0;1;0;0;0;54;55;57;53;62;44;56.537941;62;140;155;14;15;1;1;0;21.307692;9.6099997;50;21.153847;0;0;1;0;0;1;0;0;0
4929;1;0;0;0;1;41;14;0;0;0;0;1;0;0;0;1;0;0;1;0;0;0;44;45;56;53;49;54;50.812931;62;110;145;12;10;1;1;0;18.846153;7.5700002;40;.096153848;0;0;1;0;0;0;0;0;1
3544;1;0;1;0;0;39;12;0;0;0;0;0;1;0;0;0;1;0;1;0;0;0;28;34;31;41;46;32;34.728374;64;150;255;11;11;13;1;0;6.1153846;7.8499999;12;.096153848;0;0;1;0;1;0;1;0;0
1962;1;0;0;0;1;43;12;0;0;0;0;0;1;0;0;1;0;0;1;0;0;0;42;36;37;44;39;55;38.27243;65;170;190;12;12;3;0;0;17.365385;21.16;25;8.0384617;1;0;1;0;1;1;0;0;0
5286;1;0;0;0;1;40;12;0;0;0;0;0;1;0;0;1;0;0;1;0;0;0;46;42;46;53;35;41;46.451015;68;143;180;10;10;3;1;0;7.2115383;2.5999999;40;5.25;0;0;1;0;0;0;1;0;0
12099;1;0;0;0;1;37;18;0;0;0;1;0;0;0;0;1;0;0;0;1;0;0;58;54;59;47;46;49;54.902222;68;145;158;14;18;1;1;;11.480769;11;12;4.4615383;0;1;0;0;1;0;0;1;0
455;1;0;0;0;1;43;20;1;0;0;0;0;0;0;0;1;0;0;0;1;0;0;64;65;61;56;51;60;63.89867;65;118;123;12;12;2;1;0;14.788462;27.77;18;8.9230766;0;0;1;0;0;1;0;0;0
2770;1;0;1;0;0;43;16;0;0;0;1;0;0;0;0;1;0;0;0;0;0;1;50;53;46;56;55;46;53.266506;66;170;196;12;16;10;0;1;19.384615;19.1;48;19.326923;1;0;1;0;1;0;0;0;1
5705;1;0;0;0;1;42;12;0;0;0;0;0;1;0;0;1;0;0;0;1;0;0;58;54;60;59;52;61;58.446278;69;135;160;12;9;3;0;0;20.211538;27.969999;55;5.9230771;0;0;1;0;1;0;0;1;0
485;1;0;0;0;1;40;12;0;0;0;0;0;0;1;0;1;0;0;0;1;0;0;34;38;39;38;53;51;38.27243;63;102;110;12;12;2;1;0;18.307692;11.18;15;1.7692307;0;1;0;0;0;0;1;0;0
4873;1;0;0;0;1;41;16;0;0;0;1;0;0;0;0;1;0;0;0;1;0;0;58;65;56;59;54;54;63.353432;62;109;135;12;12;2;1;0;19.096153;21.1;41;15.961538;0;0;1;0;1;0;1;0;0
3609;1;0;0;0;1;42;14;0;0;0;0;1;0;0;0;0;1;0;0;1;0;0;56;43;60;53;54;47;50.812931;60;115;108;14;15;3;1;0;16.25;23.450001;20;10.961538;1;1;0;0;1;0;1;0;0
3199;1;0;0;0;1;40;12;0;0;0;0;0;1;0;0;0;1;0;1;0;0;0;34;45;38;35;52;54;40.998627;61;135;115;10;10;3;1;0;21.826923;12.3;40;1.0576923;0;0;1;0;1;1;0;0;0
3041;1;0;0;0;1;43;13;0;0;0;0;0;1;0;0;1;0;0;1;0;0;0;54;64;61;62;62;69;64.989151;66;126;165;12;8;1;1;1;7.7884617;2.1300001;30;.34615386;0;0;1;0;1;1;0;0;0
2405;1;0;0;0;1;42;16;0;0;0;0;1;0;0;0;1;0;0;1;0;0;0;44;35;39;26;36;46;33.365276;66;127;140;10;9;5;1;0;7.1346154;16.950001;45;3.1923077;0;0;1;0;1;0;0;1;0
3036;1;0;0;0;1;44;12;0;0;0;0;0;1;0;0;1;0;0;0;1;0;0;44;66;60;59;52;65;64.989151;63;140;185;12;6;0;1;0;22.01923;25.82;35;20.711538;0;0;1;0;1;1;0;0;0
3837;1;0;0;0;1;39;12;0;0;0;0;0;1;0;0;1;0;0;0;1;0;0;42;47;54;47;53;57;49.72245;61;87;140;12;12;3;1;0;14.615385;14.75;40;6.9807692;0;0;1;0;1;0;1;0;0
5282;1;0;0;0;1;43;13;0;0;0;0;0;1;0;0;1;0;0;0;0;0;1;36;46;51;44;44;51;47.541496;67;124;140;13;13;3;1;1;18.403847;13.79;40;1.1153846;0;0;1;0;0;0;1;0;0
1394;1;0;0;0;1;42;15;0;0;0;0;1;0;0;0;1;0;0;0;0;0;1;52;54;54;62;58;58;57.628418;66;120;132;11;10;4;1;0;17.096153;23;40;14.730769;0;1;0;0;1;0;0;0;1
2652;1;0;0;1;0;37;12;0;0;0;0;0;1;0;0;0;1;0;0;1;0;0;46;43;44;47;52;54;44.8153;72;146;116;4;14;8;0;1;12.557693;12.24;48;8.1153851;0;1;0;0;0;0;0;0;1
5199;1;0;0;0;1;44;15;0;0;0;0;0;1;0;0;1;0;0;0;1;0;0;64;55;59;53;43;54;57.083179;62;120;131;16;18;5;1;0;15.134615;10;33;9.4423075;0;1;0;0;0;1;0;0;0
4151;1;0;0;0;1;44;12;0;0;0;0;0;1;0;0;1;0;0;1;0;0;0;52;53;55;59;40;38;56.537941;62;170;185;8;8;0;0;0;15.25;12;40;7.1923075;0;0;1;0;1;0;0;0;1
1589;1;0;0;0;1;40;16;0;0;0;1;0;0;0;1;0;0;0;1;0;0;0;48;47;56;56;61;61;52.721268;63;142;162;12;12;3;0;;14.346154;17;45;6.1346154;0;0;1;0;1;0;0;1;0
4976;1;0;0;0;1;37;15;0;0;0;1;0;0;0;0;0;1;0;0;1;0;0;64;55;56;59;52;54;57.901039;69;200;200;12;12;2;1;0;16.134615;36.529999;40;4;0;0;1;0;2;0;0;0;1
1510;1;0;0;0;1;38;16;0;0;0;1;0;0;0;1;0;0;0;1;0;0;0;46;57;47;56;44;53;55.720081;67;137;225;12;14;2;1;0;17.01923;12.5;40;12.423077;0;0;1;0;1;0;0;0;1
2342;1;0;0;0;1;40;12;0;0;0;0;0;1;0;0;1;0;0;1;0;0;0;40;42;47;56;57;58;47.541496;62;111;100;12;12;3;1;0;18.711538;10.57;40;4.8846154;0;0;1;0;0;0;0;0;1
2781;1;0;0;0;1;42;12;0;0;0;0;0;1;0;0;1;0;0;0;0;0;1;52;53;55;56;54;63;55.720081;67;155;140;8;5;4;0;1;10.461538;7;40;.57692307;0;0;1;0;0;0;0;0;1
3545;1;0;1;0;0;39;14;0;0;0;0;0;1;0;0;0;1;0;0;1;0;0;46;39;50;50;51;50;45.087917;66;155;165;12;11;4;1;0;13.192307;16.34;40;7;0;1;0;0;1;0;1;0;0
1646;1;0;0;1;0;37;14;0;0;0;0;0;1;0;0;0;1;0;0;1;0;0;30;34;35;44;50;54;36.636711;62;125;140;12;10;1;1;0;18.115385;43.849998;35;9.9423075;0;0;1;0;1;0;0;1;0
5511;1;0;0;0;1;42;14;0;0;0;0;0;1;0;0;1;0;0;1;0;0;0;56;49;57;56;58;58;54.084366;64;120;175;12;9;1;1;0;17.384615;13;40;6.5384617;0;0;1;0;1;0;0;0;1
1037;1;0;0;0;1;40;12;0;0;0;1;0;0;0;0;0;1;0;1;0;0;0;46;45;51;53;52;49;49.449833;61;150;190;12;14;2;1;0;19.115385;16.15;50;11.038462;0;0;0;1;0;0;1;0;0
3787;1;0;0;0;1;45;15;0;0;0;0;0;1;0;0;0;1;0;1;0;0;0;58;58;57;53;61;50;58.173656;64;107;150;12;12;0;1;0;11.596154;6.2800002;40;2.9615386;1;1;0;0;1;0;1;0;0
5301;1;0;0;0;1;39;12;0;0;0;0;0;1;0;0;1;0;0;1;0;0;0;62;51;61;62;54;65;57.901039;60;100;126;12;12;2;1;0;17.461538;19.6;32;15.711538;0;0;1;0;1;0;0;0;1
2848;1;0;0;0;1;42;16;0;0;0;1;0;0;0;0;0;1;0;0;0;0;1;64;64;60;62;54;54;64.71653;67;124;103;18;20;1;1;0;20.173077;62.790001;40;1.5192307;0;0;1;0;1;1;0;0;0
4684;1;0;0;0;1;44;13;0;0;0;0;1;0;0;0;1;0;0;0;1;0;0;48;53;60;59;54;34;57.901039;64;120;140;17;12;0;1;0;22.211538;24.030001;40;2.5384614;0;0;1;0;1;1;0;0;0
2013;1;0;0;0;1;42;12;0;0;0;0;0;1;0;0;1;0;0;0;1;0;0;48;64;59;59;60;45;63.626049;63;135;165;12;12;2;1;0;14.326923;6.1500001;25;8.8269234;0;0;1;0;1;0;1;0;0
1131;1;0;0;1;0;43;12;0;0;0;0;0;1;0;0;0;1;0;0;1;0;0;34;45;34;53;53;54;44.8153;64;121;147;11;11;4;1;0;18.038462;16.34;40;1.2692307;0;0;1;0;1;0;0;0;1
4746;1;0;0;0;1;39;12;0;0;0;0;0;1;0;0;0;1;0;0;0;0;1;42;40;43;59;51;54;46.178398;65;110;121;9;8;5;1;0;12.75;12.77;40;.40384614;1;1;0;0;1;0;1;0;0
2521;1;0;0;0;1;39;12;0;0;0;0;0;1;0;0;1;0;0;0;1;0;0;42;36;39;38;52;54;37.18195;62;120;160;12;12;4;1;;14.692307;10.21;32;1.8076923;1;1;0;0;1;0;1;0;0
244;1;0;0;0;1;45;12;0;0;0;0;0;1;0;0;1;0;0;1;0;0;0;62;58;60;59;53;57;60.627235;62;155;230;16;7;4;1;0;18.057692;7;15;4.6153846;1;1;0;0;0;1;0;0;0
3812;1;0;0;0;1;42;16;0;0;0;1;0;0;0;0;1;0;0;1;0;0;0;58;66;61;62;62;70;66.079628;68;125;140;12;13;2;1;0;16.23077;17.139999;35;10.711538;0;0;0;1;1;0;0;0;1
140;1;0;0;0;1;43;17;0;0;1;0;0;0;0;0;1;0;0;0;1;0;0;58;51;60;59;49;53;56.810562;70;160;190;15;12;1;1;0;17.326923;27.43;35;22.038462;1;1;0;0;1;1;0;0;0
952;1;0;0;0;1;38;12;0;0;0;0;0;1;0;0;1;0;0;1;0;0;0;54;58;41;53;61;59;53.811745;63;112;140;12;12;3;1;0;18.442308;23;20;3.6153846;0;0;1;0;1;0;1;0;0
5510;1;0;0;0;1;40;12;0;0;0;0;0;1;0;1;0;0;0;1;0;0;0;40;35;39;41;53;48;37.454571;64;149;220;7;10;3;1;0;19.75;8.7200003;40;20.48077;0;1;0;0;0;0;0;0;1
12018;1;0;0;0;1;45;12;0;0;0;0;0;1;0;0;0;1;0;0;1;0;0;48;62;60;62;62;71;63.626049;61;102;100;11;11;7;1;0;23.192308;17.76;46;24.846153;0;0;1;0;0;0;1;0;0
2016;1;0;0;0;1;41;17;0;0;0;0;0;0;0;0;1;0;0;1;0;0;0;52;55;51;62;55;45;57.355801;63;115;134;14;16;4;1;0;10.307693;20.629999;41;1.9615384;1;1;0;0;1;0;1;0;0
982;1;0;0;0;1;39;12;0;0;0;0;0;1;0;1;0;0;0;0;1;0;0;42;50;39;59;54;49;50.54031;68;160;200;10;8;5;1;;19.73077;13.75;40;5.1346154;0;0;1;0;1;0;1;0;0
3457;1;0;0;0;1;39;14;0;0;0;0;1;0;0;0;0;1;0;0;1;0;0;40;42;39;35;50;36;39.635529;63;105;115;14;12;4;1;0;17.634615;13.8;38;17.26923;1;0;1;0;1;0;1;0;0
4538;1;0;0;0;1;45;12;0;0;0;0;0;1;0;0;1;0;0;1;0;0;0;50;49;55;53;53;59;52.721268;67;160;230;10;9;8;1;0;22.961538;24.030001;20;8.9615383;0;0;1;0;1;0;0;1;0
2731;1;0;0;0;1;40;16;0;0;0;1;0;0;0;0;1;0;0;1;0;0;0;44;39;52;56;52;56;47.268875;65;128;155;12;6;2;0;;16.461538;4.54;55;4.8653846;0;1;0;0;0;0;0;0;1
1848;1;0;0;1;0;40;13;0;0;0;0;0;1;0;0;1;0;0;0;1;0;0;36;45;50;44;52;53;46.723637;67;120;121;12;12;3;1;0;17.576923;16.82;40;.63461536;0;0;1;0;1;0;0;1;0
682;1;0;1;0;0;39;12;0;0;0;0;0;1;0;1;0;0;0;1;0;0;0;44;38;46;50;51;50;43.452202;68;140;190;9;8;12;1;1;7.3076925;9.5;40;7.7307692;0;1;0;0;1;0;1;0;0
1179;1;0;0;0;1;39;12;0;0;0;0;0;1;0;0;1;0;0;1;0;0;0;42;55;54;56;56;54;56.537941;66;150;190;12;12;2;1;1;21.48077;13.86;40;1.0576923;0;0;1;0;1;0;0;0;1
491;1;0;0;0;1;42;12;0;0;0;0;0;1;0;0;1;0;0;0;1;0;0;42;45;33;29;52;34;37.999809;65;240;180;12;11;3;1;0;20.615385;30.549999;36;.42307693;0;0;1;0;1;0;0;0;1
2785;1;0;0;0;1;42;12;0;0;0;0;0;1;0;0;1;0;0;1;0;0;0;52;38;55;59;52;48;48.359352;69;233;300;12;6;2;0;;12.961538;5.3699999;40;1.8461539;0;0;1;0;0;0;0;0;1
530;1;0;0;0;1;45;9;0;0;0;0;0;0;1;0;1;0;0;1;0;0;0;36;39;35;44;35;56;39.362907;66;131;150;5;8;1;0;0;6.3269229;6.0999999;40;1;1;0;1;0;0;0;1;0;0
11901;1;0;0;0;1;42;14;0;0;0;0;1;0;0;0;0;1;0;1;0;0;0;48;38;51;53;52;48;45.63316;64;150;250;12;16;1;1;0;13.096154;11.97;40;3.4807692;1;1;0;0;1;0;1;0;0
3606;1;0;0;0;1;41;13;0;0;0;0;0;1;0;0;1;0;0;0;1;0;0;42;43;57;56;62;57;50.812931;65;140;160;12;12;3;1;0;17.288462;14.28;21;2.3653846;0;0;1;0;0;0;1;0;0
5262;1;0;0;0;1;41;12;0;0;0;0;0;1;0;1;0;0;0;1;0;0;0;54;51;48;59;55;55;53.539127;64;130;160;12;8;5;1;0;22.326923;14.33;40;6.3846154;1;1;0;0;1;0;0;1;0
11918;1;0;0;0;1;40;17;0;0;0;1;0;0;0;0;1;0;0;1;0;0;0;60;64;59;56;62;62;62.808189;64;145;192;12;16;2;1;0;13.846154;41.66;30;17.807692;1;1;0;0;0;0;0;0;1
5037;1;0;0;0;1;43;14;0;0;0;0;0;1;0;0;1;0;0;1;0;0;0;50;49;50;50;53;54;50.54031;72;160;220;14;16;2;1;0;23.096153;7.79;37;15.038462;0;1;0;0;1;0;0;0;1
3406;1;0;0;0;1;38;17;0;0;0;1;0;0;0;1;0;0;0;1;0;0;0;58;51;59;59;50;47;56.537941;62;125;200;12;16;2;1;0;16.096153;11.87;51;15.865385;0;0;1;0;0;0;1;0;0
49;1;0;0;0;1;44;14;0;0;0;0;1;0;0;0;1;0;0;0;1;0;0;52;61;52;59;62;71;60.081997;69;150;200;12;12;6;1;0;23;19.23;35;7.4038463;0;0;1;0;1;1;0;0;0
249;1;0;0;0;1;39;17;0;0;0;0;1;0;0;0;1;0;0;1;0;0;0;32;58;38;47;61;49;51.35817;65;140;200;12;12;4;1;1;12.769231;6.5;12;2.25;0;0;1;0;1;1;0;0;0
11818;1;0;0;0;1;39;10;0;0;0;0;0;0;1;0;0;1;1;0;0;0;0;38;40;41;29;38;45;37.454571;63;260;176;8;9;2;0;1;12.884615;6.8400002;38;3.25;0;0;1;0;1;0;1;0;0
1548;1;0;0;0;1;41;10;0;0;0;0;0;0;1;0;0;1;0;1;0;0;0;40;46;50;50;50;44;48.904594;64;110;120;10;10;1;1;1;16.23077;7;50;1.3653846;0;0;1;0;1;0;0;1;0
1039;1;0;0;0;1;42;15;0;0;0;0;0;1;0;0;0;1;0;0;0;0;1;50;54;54;56;52;48;55.992702;67;120;150;13;12;3;1;0;18.076923;19.99;40;1.75;1;1;0;0;1;0;1;0;0
3150;1;0;0;0;1;43;16;0;0;0;1;0;0;0;0;1;0;0;0;1;0;0;58;65;61;53;57;55;63.080811;71;120;137;12;12;1;1;0;21.23077;47.860001;45;11;0;0;1;0;0;1;0;0;0
4001;1;0;0;0;1;40;13;0;0;0;0;0;1;0;0;1;0;0;1;0;0;0;48;51;51;59;61;42;54.356983;62;140;192;12;13;2;1;0;11.365385;8;15;3.8269231;0;1;0;0;1;0;1;0;0
2275;1;0;0;0;1;37;12;0;0;0;0;0;1;0;0;1;0;0;1;0;0;0;46;42;46;41;51;50;43.179581;63;110;145;12;12;1;1;0;17.442308;9.25;40;5.3269229;0;0;1;0;0;0;0;0;1
4125;1;0;0;0;1;39;13;0;0;0;0;0;1;0;0;0;1;0;1;0;0;0;44;54;37;53;62;66;50.54031;66;140;145;12;12;2;1;0;15.269231;13.46;40;12.038462;0;0;1;0;1;0;0;0;1
4931;1;0;0;0;1;38;14;0;0;0;0;0;1;0;0;1;0;0;1;0;0;0;54;49;59;59;53;42;55.447464;63;115;126;9;10;4;1;0;18.807692;15;40;2.6923077;0;0;1;0;0;0;0;0;1
3397;1;0;0;0;1;38;12;0;0;0;0;0;1;0;0;1;0;0;0;1;0;0;44;45;44;50;59;65;46.723637;69;125;130;12;12;3;1;0;7.2307692;8.1999998;17;1;1;0;1;0;1;0;1;0;0
5212;1;0;0;0;1;44;17;0;0;0;1;0;0;0;0;0;1;0;1;0;0;0;52;64;55;56;55;57;61.717712;67;150;195;12;8;4;0;0;12.788462;12;35;.61538464;0;0;1;0;1;0;0;1;0
2156;1;0;0;0;1;38;12;0;0;0;0;0;1;0;0;0;1;0;1;0;0;0;44;46;42;59;49;43;49.177212;65;125;161;16;9;2;1;0;17.826923;18;40;.17307693;0;0;1;0;1;0;0;0;1
3512;1;0;0;0;1;37;12;0;0;0;0;0;1;0;0;1;0;0;0;1;0;0;34;38;38;47;52;48;40.453384;64;115;126;10;12;2;0;0;20.173077;21.870001;40;.59615386;1;0;1;0;1;0;1;0;0
1438;1;0;1;0;0;39;12;0;0;0;0;0;1;0;1;0;0;0;0;1;0;0;40;38;28;32;39;50;33.637897;65;163;200;10;9;2;1;1;8.2884617;7;40;.73076922;0;0;1;0;1;0;0;0;1
3523;1;0;0;0;1;39;12;0;0;0;0;0;1;0;0;1;0;0;0;1;0;0;56;46;54;53;54;47;50.812931;63;116;145;12;9;6;1;0;13.961538;12;20;9.0384617;0;0;1;0;1;0;1;0;0
11834;1;0;0;0;1;43;9;0;0;0;0;0;0;1;1;0;0;0;1;0;0;0;50;38;41;41;31;47;39.635529;69;250;210;9;12;4;1;0;21.365385;7.23;38;.88461536;1;0;1;0;1;0;0;0;1
861;1;0;0;0;1;39;12;0;0;0;0;0;1;0;1;0;0;0;1;0;0;0;54;46;56;50;41;46;50.54031;62;140;170;12;12;4;1;0;19.423077;12;40;14.480769;1;1;0;0;1;0;1;0;0
2203;1;0;0;0;1;40;12;0;0;0;0;0;1;0;0;0;1;0;1;0;0;0;44;49;47;35;54;50;45.63316;63;150;170;12;9;2;1;0;22.038462;10.28;40;3.3461537;0;0;1;0;0;0;0;0;1
12022;1;0;0;0;1;45;12;0;0;0;0;0;1;0;0;1;0;0;0;1;0;0;56;58;55;53;62;58;57.628418;65;127;140;8;12;1;1;0;22.26923;20.719999;45;15.865385;0;0;1;0;1;0;1;0;0
3879;1;0;0;0;1;42;13;0;0;0;0;0;1;0;0;1;0;0;1;0;0;0;60;64;57;56;53;60;62.262951;64;115;129;12;14;2;1;;18.75;9.25;44;3.1346154;0;0;1;0;0;0;1;0;0
1519;1;0;1;0;0;41;12;0;0;0;0;0;1;0;0;0;1;0;1;0;0;0;56;46;48;59;31;31;50.812931;65;135;160;7;7;5;1;0;16.596153;17.5;40;10.115385;0;0;1;0;1;0;0;0;1
3146;1;0;0;0;1;42;17;0;0;1;0;0;0;0;0;0;1;0;1;0;0;0;62;46;60;59;52;60;54.084366;67;120;126;12;12;2;1;0;18.653847;27.07;38;12.5;0;1;0;0;1;1;0;0;0
5049;1;0;0;0;1;43;13;0;0;0;0;0;1;0;0;1;0;0;1;0;0;0;46;49;60;62;56;63;56.537941;67;127;128;12;10;4;1;0;17.846153;9;40;3.5961537;0;0;1;0;2;0;0;0;1
4972;1;0;0;0;1;40;13;0;0;0;0;0;1;0;0;0;1;0;1;0;0;0;50;46;41;50;52;42;46.451015;64;140;136;12;13;4;1;0;12.865385;9.3500004;32;8.6346149;0;0;1;0;1;0;1;0;0
2186;1;0;0;0;1;43;16;0;0;0;1;0;0;0;0;1;0;0;1;0;0;0;64;59;61;62;62;47;62.262951;64;115;134;18;16;1;1;0;18.538462;29.27;28;1.9807693;0;0;1;0;0;0;0;0;1
810;1;0;0;0;1;42;16;0;0;0;1;0;0;0;0;1;0;0;0;1;0;0;52;59;60;62;62;68;61.990334;60;105;125;12;12;4;1;0;19.51923;36.240002;52;4.0769229;0;0;1;0;1;0;0;0;1
5014;1;0;0;0;1;38;10;0;0;0;0;0;0;1;0;1;0;0;1;0;0;0;40;34;35;32;46;50;33.365276;67;122;170;12;11;0;1;;8.1538458;9;40;.36538461;0;0;1;0;0;0;0;0;1
2706;1;0;0;1;0;40;12;0;0;0;0;0;1;0;1;0;0;0;0;1;0;0;34;36;35;35;41;44;35.273613;62;103;140;0;0;8;0;1;15.903846;11.5;45;4.2692308;0;0;1;0;1;0;0;0;1
2408;1;0;0;0;1;42;12;0;0;0;0;0;1;0;0;1;0;0;0;1;0;0;46;40;47;50;43;44;44.8153;61;102;119;10;14;2;0;0;17.403847;16.530001;50;9.4615383;0;0;1;0;1;0;0;1;0
2879;1;0;0;0;1;45;12;0;0;0;0;0;1;0;0;0;1;0;0;1;0;0;44;36;44;50;52;60;41.816483;67;140;145;12;12;2;1;0;21.711538;17;40;2.3076923;0;0;1;0;1;1;0;0;0
3855;1;0;0;0;1;38;20;0;0;0;1;0;0;0;0;1;0;0;1;0;0;0;56;62;59;56;62;56;61.717712;64;120;115;14;19;1;1;0;9.7692308;32;20;5.6153846;0;0;1;0;1;0;0;1;0
369;1;0;0;0;1;43;16;0;0;0;1;0;0;0;0;1;0;0;1;0;0;0;64;65;59;59;61;45;64.171288;65;125;126;12;19;1;1;0;15.769231;15;15;.76923078;0;0;1;0;1;1;0;0;0
963;1;0;0;0;1;39;12;0;0;0;0;0;1;0;0;0;1;0;1;0;0;0;42;45;55;50;44;34;49.72245;67;128;140;12;9;3;1;0;21.692308;27.32;38;18.807692;0;0;1;0;1;0;1;0;0
5631;1;0;1;0;0;38;13;0;0;0;0;0;0;1;0;0;1;0;1;0;0;0;50;46;55;50;49;42;50.267689;65;140;190;12;11;2;1;0;9.6346149;11;40;.34615386;0;0;1;0;1;1;0;0;0
2746;1;0;0;0;1;42;13;0;0;0;0;0;1;0;0;1;0;0;1;0;0;0;44;47;43;47;51;51;46.723637;61;141;180;10;3;1;0;0;22.326923;14.42;40;23.557692;0;0;1;0;0;0;0;0;1
3756;1;0;0;0;1;38;12;0;0;0;0;0;1;0;0;0;1;0;0;1;0;0;50;50;54;50;40;45;52.176029;66;115;180;8;12;3;0;0;16.173077;14.32;40;10.403846;1;0;1;0;1;0;1;0;0
803;1;0;0;0;1;39;12;0;0;0;0;0;1;0;0;1;0;0;0;0;0;1;60;65;54;56;47;47;61.990334;68;124;145;12;12;3;1;0;18.038462;18.18;55;7.9038463;1;0;1;0;0;0;1;0;0
5193;1;0;0;0;1;39;16;0;0;0;0;1;0;0;1;0;0;1;0;0;0;0;56;50;50;53;47;46;51.903408;69;150;165;12;12;4;1;0;16.653847;25.299999;40;12.076923;0;0;1;0;1;0;0;1;0
